customer_id,name,email,phone,address,city,state,zip_code,registration_date,loyalty_score
bdd640fb,Michael Stephens,amy29@example.com,642-970-3120x7356,"7441 Richardson Harbor, Cruzville, NH 55144",Martinbury,Indiana,15036,2024-03-14,3.2
23b8c1e9,Heather Sanders,patricia00@example.org,(470)551-2046x187,"47196 Beverly Bypass, Williamsstad, DC 61830",New Laura,Indiana,96885,2022-03-13,0.13
bd9c66b3,Bryan Charles,ksmith@example.com,560-913-6730x371,"0258 Michael Squares Suite 812, West Diana, OK 44972",North Tricia,Alabama,72531,2021-05-26,1.38
972a8469,Matthew May,bsmith@example.org,(245)520-8814x7435,"4617 Estes Rest, New Jeanette, NY 86865",Johnsonburgh,Iowa,03109,2024-02-15,1.12
17fc695a,Alison Buchanan,nicoleturner@example.com,836-550-2491,"599 Silva Village, Jonestown, PR 96560",East Zachary,Alaska,07973,2024-05-22,3.68
9a1de644,Cameron Cunningham,penajohn@example.com,4099792513,"177 Wolf Trail, North Rachel, HI 95942",Lake Belindaborough,Iowa,29250,2021-07-08,3.38
b74d0fb1,Phillip Clark,brettgarrett@example.net,495-900-5281,"09410 Scott Landing Apt. 251, Grayshire, OH 26680",East David,Illinois,57122,2023-10-21,4.46
6b65a6a4,Sergio Murphy,rubendavis@example.org,458.657.3065,"4332 Cervantes Valleys Apt. 190, East Arthurberg, MH 01187",North Jacobburgh,Kentucky,55845,2022-06-27,0.43
47378190,Steven Smith,lewischristian@example.net,4777848739,"815 Faith Stream Suite 339, Masonstad, RI 73730",North Bryanhaven,Nebraska,54217,2024-09-28,2.11
c241330b,Brianna Anderson,aprilwallace@example.org,974-298-2182x74485,"6619 David Path, Craigfort, IN 07248",Murrayfurt,New Jersey,03245,2024-10-28,0.15
6c307511,Christopher Guerrero,lisa62@example.com,001-986-420-9593x51863,"34465 Monique Estate Suite 189, Port April, RI 66043",North Reneehaven,New Hampshire,97166,2022-04-12,1.09
371ecd7b,Adrian Tyler,perezchristopher@example.org,+1-245-565-1181x022,"197 Delgado Bypass, Robertborough, MA 08285",Espinozaville,California,90703,2023-02-17,2.53
1a2a73ed,Franklin Thompson,edwardsnicole@example.org,673-210-9678,"037 Linda Port Apt. 516, New Timothyberg, KY 95309",New Christopherport,Washington,98166,2024-11-28,0.13
5be6128e,Patrick Fox,wayala@example.org,(839)710-3717x058,"8356 Turner Vista, North Sarah, AK 26213",West Patrick,Vermont,22533,2022-11-30,0.99
43b7a3a6,Karen Strickland,caseyelliott@example.net,001-309-548-0141x381,"087 Paul Lane Apt. 668, North Samuel, MH 81195",West Bryanbury,Delaware,93068,2022-12-01,3.25
759cde66,Ashley Gordon,scottbowen@example.net,+1-863-338-3928,"Unit 5535 Box 6033, DPO AE 77652",Sarahbury,Texas,00780,2024-11-23,2.72
ec1b8ca1,Amanda Logan,samanthajensen@example.com,001-995-776-1228x68528,"890 Morgan Gateway Apt. 102, Whiteton, MD 46332",New Williamton,Nevada,08678,2022-12-11,1.1
4b0dbb41,Kelly Ellis,christophergarcia@example.org,685-756-6593x98368,"2967 Diane Club, Shawnaborough, NM 92940",Hillside,New Jersey,01206,2021-08-21,2.95
e2acf72f,Amy Mendoza,bbell@example.com,676.500.4908x240,"74584 Alison Grove Suite 881, West Rachelfort, KY 10783",East Leslie,Mississippi,46092,2021-09-21,4.05
3139d32c,Michael Henry,johnnewman@example.org,450.348.8899,"348 David Stream, North Tiffany, UT 58209",Clineshire,Alabama,26283,2025-02-25,0.03
a9488d99,Angel Miller,kimberly04@example.org,5756224593,"07044 Evans Corner Apt. 496, Smithfurt, MS 58699",Marilynville,New Hampshire,98542,2022-10-12,4.03
fc377a4c,Ana Hill,juliephillips@example.org,619-269-3157x2791,"2680 Johnson Track, Sharonmouth, MP 34911",North Jamestown,Nevada,21642,2021-08-19,3.49
ddd1dfb2,Kimberly Nguyen,troyrodriguez@example.com,001-896-210-5566x1390,"59660 Angela Stravenue, Micheleside, NH 56053",Conleyfurt,Georgia,71180,2023-02-16,1.7
7412b293,Kerry Chavez DDS,ricetiffany@example.com,980-358-9258x3206,"67320 Marsh Harbor Apt. 384, Ashleyton, RI 36450",North Mitchell,Wyoming,44627,2021-05-16,0.78
29a3b2e9,Michael Farrell,david96@example.com,264.862.2517,"901 Carroll Islands Suite 277, South Alanton, MI 63442",Sherryshire,New Mexico,25849,2022-11-04,4.79
ab9099a4,Patricia Le,kathrynbest@example.org,516-586-2278x376,"0914 Ashley Mill, West Katie, KY 34519",Kimland,South Carolina,71800,2021-01-17,1.68
aefcfad8,Jesse Perez,matthewsalexander@example.org,814.765.9116,"22903 Diamond Ferry, Rileyton, OH 94526",Andrewton,South Carolina,52409,2023-08-21,0.46
a28defe3,Jesse Perry,livingstonstacy@example.com,(435)959-0425x979,"0580 Michael Club Suite 181, East Mark, MN 89763",Reynoldsfurt,Minnesota,25214,2021-03-02,0.48
3eabedcb,Jeffery Ortega,courtney86@example.com,4336521103,"2059 Rogers Lodge Suite 749, East Michealport, FL 77994",Adamsland,Wisconsin,13131,2024-06-15,4.24
451b4cf3,Christian Leblanc,imiller@example.net,5515477053,"8895 Nicholas Prairie, Lake Jessicafurt, WV 85594",Lake Phillipstad,Massachusetts,01005,2022-12-21,3.02
b02b61c4,Ronald Davis,joshuacollins@example.net,+1-284-687-9206,"98986 Melanie Pines, New Thomashaven, NC 58306",Mikaylaland,Kansas,42675,2024-05-06,4.04
5304317f,Parker Cain,terrimoore@example.com,(304)839-4070,"435 Lauren Lake, South Leslie, DE 91343",West Aaron,West Virginia,83313,2023-04-26,3.65
0e51f30d,Laurie Hoffman,wwillis@example.net,+1-345-410-4636x81579,"1588 Robin Shoal Suite 937, Hallberg, ND 32606",Weaverville,Arkansas,06584,2020-11-24,2.68
ce177b4e,Bryan Gomez,collinssamuel@example.org,787.980.0384,"929 Flynn Junctions Suite 116, Wagnerberg, OK 65276",Mendezshire,Idaho,43314,2023-12-31,4.87
10f1bc81,Nicole Parrish,sanchezsandy@example.org,(220)655-5438x4046,"70216 Cannon Station, Newtonberg, VI 04967",Kelseyfort,Louisiana,24023,2020-09-30,1.89
9132b63e,Tracy Burke,dsalazar@example.com,525.862.1689,"212 Strong Knoll, South Heidi, IA 93822",New Christinastad,Tennessee,35910,2020-08-25,2.76
366eb16f,Kenneth Lewis,davidzimmerman@example.net,492.564.9578,"9991 Charles Knoll Suite 676, Katherineberg, VA 24546",South Robert,Mississippi,32518,2023-01-15,4.15
e27a984d,Courtney Rodriguez,martinstephanie@example.net,+1-729-383-2482x6292,"09957 Flores Fall, Shirleyville, IN 39475",West Angela,Indiana,69898,2020-08-17,3.09
24933b83,Holly Farmer,gary24@example.net,+1-881-625-2056,"889 Mitchell Lights, Katherineberg, AZ 96789",Fergusonshire,Arkansas,31295,2024-09-06,4.31
beb79919,Renee Bruce,wiseanthony@example.com,542.531.2209x949,"8499 Garcia Haven, North Keith, NM 58030",Mooremouth,Colorado,72568,2020-08-01,2.89
bf3c4c06,Sabrina Austin,alexandria49@example.net,705.417.2897,"4913 Thomas Ford, North Carmen, AZ 71257",New Jimchester,Idaho,93533,2023-04-10,3.52
956269f0,Allison Hickman,crawfordwilliam@example.org,(577)522-3306x0463,"70534 Dennis Pike, Port Shawn, PW 14868",South Allisonfort,Iowa,00751,2022-10-22,0.23
ff50bde4,Debra White,kvillarreal@example.com,827-297-5736,"6741 Victoria Street, West Lindabury, VA 10246",West Anthonyshire,West Virginia,47068,2020-12-21,1.14
7e570ddf,Ellen Morgan,jonathangarcia@example.net,+1-965-969-9988x081,"7815 Ryan Squares Suite 380, East Derrickfurt, VI 29364",Whitemouth,Pennsylvania,73003,2022-05-19,1.45
dc713d96,Sergio Knight,perezwilliam@example.org,2385860868,"2727 Anderson Roads Apt. 830, Jonesside, RI 27835",New Shawnfurt,Oklahoma,90824,2023-12-30,0.4
28f49481,Charles Schultz,sanchezthomas@example.com,976-944-7264x9082,"4969 Dana Orchard, West Mary, FM 38789",Lake Brookeberg,Wyoming,21713,2024-01-17,1.16
98ae4334,Paul Lewis,haroldhorne@example.org,781-929-8266,"695 Phillips Forges Apt. 467, Johnchester, DE 23595",North Davidstad,Kentucky,55279,2022-10-18,0.51
988c24c9,Glen Wood,pwalker@example.com,4273937145,"156 Kim Orchard Suite 963, West Josephborough, FM 54110",Sweeneyhaven,New York,81234,2022-06-22,1.39
405cacec,Paula Bradley,joseph19@example.com,417-851-8689,"5667 Ross Center Suite 735, West Sethbury, OK 22329",South Alexis,Hawaii,22903,2024-03-12,3.18
f143262f,Anthony Moore,shawrachel@example.org,+1-460-225-9222,"952 Stephanie Brooks, Davismouth, PW 46730",New Melissashire,Kansas,87006,2022-02-21,1.82
1d53434b,Megan Nelson,lindajarvis@example.com,(944)974-2123x09407,"083 Nichols Estate, Heathbury, LA 21656",Sarahland,Alaska,74498,2023-04-19,1.85
c0398710,Karla Ramos,wileymichelle@example.com,+1-809-973-3977,"PSC 5638, Box 3000, APO AP 13938",Wardhaven,Indiana,80646,2022-01-04,1.05
5715bd6f,Paul Wilson,christopher70@example.com,599-203-8498,"24403 Arthur Summit Apt. 662, Michelleland, CA 66628",Teresaville,Louisiana,08686,2023-03-20,1.33
287d06ca,Douglas Gregory,kellymueller@example.net,(620)750-2099,"08921 Lee Rest Suite 568, West Joshuaborough, CT 35139",Tuckerport,Virginia,08318,2021-05-20,4.68
b8db0672,Mr. Andrew Foster,stevenvargas@example.com,401-962-2499,"Unit 9764 Box 6136, DPO AP 37012",Lake Juliefort,Florida,59627,2022-09-18,3.24
f8cda88b,Aimee Turner,jessicapayne@example.org,001-695-901-4556x1681,"0765 Shaun Ports, South Kelliemouth, MN 62996",Paulburgh,Arizona,52681,2023-11-29,3.05
81f76d1c,Chad Scott,adamortiz@example.org,(214)358-6833,"2118 Jared Overpass Apt. 126, Millsshire, WV 30966",North Amberside,Florida,70491,2024-09-06,0.86
a013ac6e,Adam Burgess,cynthia05@example.org,001-681-779-4695,"6452 Marc Port Suite 043, Gardnermouth, SD 31399",West Christopher,Ohio,91924,2022-09-13,3.65
81f631d4,James Padilla,usweeney@example.com,(599)678-7729,"811 Lyons Lane Apt. 028, East Jamesville, AZ 56099",Casechester,Maine,57149,2021-02-19,0.82
5fb8d16c,Sandra Drake,harristonya@example.com,801.207.1396,"86604 Ryan Hill Suite 859, Anneburgh, FL 38537",Gregoryberg,New Jersey,21998,2024-02-09,1.9
f4188f3f,Scott Williams,jwoodward@example.net,258-330-3441x44885,"589 Kennedy Fords, Saraberg, GA 69232",Cookshire,California,60451,2021-03-12,4.95
eb2263dd,Thomas Atkins,christopher38@example.com,+1-455-969-9023x55770,"56227 Victoria Avenue Suite 331, Riveraton, RI 61933",South Brianview,Pennsylvania,99628,2023-03-20,3.2
7d154385,Laura Mckinney,stephen19@example.org,(778)257-6084,"8350 Joshua View, Silvaport, MN 82355",Josephberg,West Virginia,57667,2025-02-13,2.78
5cec4eb5,Brian Smith,danafoster@example.net,895.451.2405,"831 Dakota Forge Suite 249, East Laurashire, SD 50694",Port Angelaport,Wyoming,32491,2022-09-26,3.42
ce88cb2d,Robert Montgomery,grahamtamara@example.org,001-696-829-1450,"973 Aaron Fort Apt. 192, East Thomas, AL 42881",Toddton,Alaska,30272,2025-01-15,4.21
3da9c2a9,Tamara Davis,jose56@example.net,473-357-4384,"87675 Mason Crest, New Phillip, WI 51033",Ryanhaven,Colorado,23741,2024-02-03,3.88
14296c07,Dana Chapman,louis43@example.org,(903)617-8078x235,"8581 Stephanie Roads Suite 268, Henryview, TX 16261",North Megan,New Jersey,73352,2021-11-17,1.15
d0e6e660,Jennifer Collins,derekcarrillo@example.org,001-252-318-2307x68104,"520 Wyatt Trail Suite 639, South Neil, WA 01899",East Megan,Virginia,27607,2022-05-24,0.16
885f6e66,Gary Jackson,danielcole@example.com,670-718-4094x35334,"309 Murphy Land Suite 809, Arthurview, SD 63249",Tylertown,Hawaii,66246,2022-08-24,1.58
a8e56e0c,Ashley Hicks,wmartinez@example.org,001-771-742-2410x98813,"0907 Henry Mountains Apt. 050, Lake Jill, VI 17756",Lake Brandonfurt,Hawaii,80378,2021-11-29,1.34
2a45c2ab,Hannah Luna,qparker@example.org,224-493-2149x587,"70518 Lucero Fields, West Marymouth, MH 93471",Lake Rachel,Texas,51011,2020-06-29,1.05
9b49bd26,Robin Young,mooregina@example.net,4709160166,"066 Calvin Views Apt. 412, Williamsborough, UT 66753",Hillton,Florida,88735,2023-01-07,4.71
edcd465e,Craig Morrison,lewismelissa@example.org,+1-354-953-8179x217,"4851 Owens Villages, New Sarahland, DE 12371",Jacksonberg,Maine,27219,2022-02-24,4.38
b09b2a5c,Mary Thompson,dawsontanya@example.com,977-933-2945x6255,"59020 Dana Mount, Lake Sherryport, MP 89746",Melaniefort,Arkansas,28614,2024-05-03,1.57
66245bfa,Kathleen Webster,byrdjorge@example.org,7174157724,"240 Mccarthy Fall, Donaldmouth, MT 30118",New Frank,Mississippi,63894,2024-07-11,3.28
5f987c71,Joann Glass,cranemelissa@example.net,516.415.8148x76963,"24474 Tracy Prairie Suite 587, North Stephanie, OR 51052",Paigeview,Arkansas,53914,2024-09-23,1.98
7394988f,Madison Weber,codygarcia@example.org,361.953.9669x5832,"654 Matthew Parkway, Christopherborough, KS 29108",North Christopherhaven,New Hampshire,98409,2020-06-10,4.57
1064005c,Lori Hernandez,smithmaria@example.org,699-875-8172,"82727 Watson Lane, West Jacquelinestad, VI 01536",East Haley,Washington,11419,2022-01-27,2.29
8dcdcd03,Jeremy Turner,jamesmorales@example.net,591-496-5701,"5125 Martin Plains Apt. 079, Watkinschester, VA 52842",Allenberg,Nebraska,66778,2021-11-04,1.32
01d74256,Anthony Romero,aguilarjonathan@example.org,001-902-527-8469,"5957 Evans Wells, Port Sarah, NY 14637",Jonesside,Kentucky,44570,2021-03-30,1.23
0f1259e0,Jesse Brown,osbornjames@example.net,254.894.6519,"690 William Hills Apt. 922, Kristinaton, CO 41038",Adamland,Texas,83731,2024-09-09,2.81
080aadfb,Angela Lin,flamb@example.com,(340)658-0085,"7627 Donna Flats, West Kyle, HI 31458",Port Michaelside,Ohio,15449,2022-01-13,1.31
839fbc50,Lisa Hunter,williamssteven@example.org,8365965666,"32850 Moore Courts Suite 863, Barnettmouth, VT 32317",North Darrenstad,New Jersey,83221,2023-10-07,2.92
7c441fe7,Julian Conner,zunderwood@example.com,+1-327-223-8656x24220,"2526 Villanueva Viaduct, Carlsonside, CA 45965",New Gregorymouth,Washington,71585,2020-11-21,4.49
b92da22b,Joanna Pacheco,reyesronald@example.com,(876)421-2679,"92355 Mason Alley, Melendezbury, DC 66030",Port Dianemouth,Wyoming,98810,2020-10-07,2.0
93829b43,Erica Alvarez,rebekahhill@example.com,986.587.6532x690,"6156 Ronald Haven, Paulfort, AZ 34713",South Christopher,Connecticut,53256,2021-11-22,1.1
7914c120,Antonio Garcia,austinharvey@example.org,001-384-968-9500x975,"USCGC White, FPO AA 89936",Lake Michaelmouth,New Mexico,23705,2022-03-22,4.99
1825bc54,Gwendolyn Klein,victor87@example.org,001-912-384-7818x913,"1516 Eugene Crossroad, Parkstown, NM 86198",Port Ashleyborough,Tennessee,52621,2024-08-13,2.55
5ab33edf,Carrie Wright,ramirezderrick@example.org,+1-789-849-0580x77879,"USCGC Henderson, FPO AE 40209",North Stevenchester,South Dakota,60122,2021-09-25,0.45
dd2467ac,Jeffrey Mills,crystalpham@example.org,(444)220-9494x079,"785 Joseph Vista, Danielburgh, NE 70193",Erintown,Vermont,14231,2023-10-26,0.24
a748dbcf,Jake Campbell,wcasey@example.com,+1-649-604-7128x14429,"05943 Graham Mountain, Billfort, NH 48618",Scottland,New York,32984,2020-07-02,0.55
0f844fef,George Harper,kcooper@example.net,901-492-9275x243,"6540 White Knolls Suite 075, Cynthiaville, MI 96433",Annamouth,Massachusetts,57393,2024-07-18,3.14
ccf3a171,Maria Jones,paul20@example.com,705.212.9276x63723,"21812 Cynthia Meadows Suite 579, Port Rebecca, VA 69124",Jeremyberg,Kentucky,72872,2024-03-21,3.96
310c0c00,Michael Mitchell,anthonycochran@example.com,+1-841-902-7674x7836,"55029 Patrick Stream, West Saraport, NE 53026",Gutierrezside,Nebraska,40439,2024-06-27,2.11
23e2fcb4,Mary Escobar,stokesthomas@example.com,728-860-4765x801,"161 Ashley Hollow Apt. 059, Lewischester, KY 98394",Port Meredith,Connecticut,14743,2024-09-25,0.32
766ecb15,Felicia Aguilar,terrigarcia@example.net,+1-545-744-1496x739,"8096 Erika Groves, South Jamiechester, TN 17509",Davidview,South Carolina,00608,2021-09-02,1.91
134c6c92,Gregory Ponce,josephvelasquez@example.net,+1-525-680-0106x18175,"513 Andrew Islands Apt. 194, Matthewsmouth, ND 51493",Sueville,Rhode Island,10250,2024-12-01,4.98
db20a56e,Jenna Larson,gallagherstacie@example.net,330-409-1093x911,"5557 Steven Summit, Clarkburgh, TX 51627",Huffland,Idaho,25387,2020-10-06,2.65
a6f2f7b8,Emily Bennett,lkelly@example.org,(692)412-4471x7465,"917 Miller Summit, Kevinmouth, NV 88909",South James,Kentucky,20824,2023-03-08,4.86
03c72ba8,Robin Santiago,brittanydrake@example.net,001-514-806-6504x42717,"929 Cunningham Mall, Port Teresaside, WA 64825",Lisaland,Arkansas,87509,2021-08-30,4.3
c0e9ab30,Nancy Jennings,robin05@example.net,(971)628-6391,"Unit 6826 Box 9116, DPO AE 28197",Port Jessica,Missouri,66802,2024-04-07,0.06
680ac07a,Maria Henderson,annalopez@example.com,401-219-4707,"Unit 9422 Box 6865, DPO AE 55312",North Jonathanton,Mississippi,21059,2024-10-20,3.6
dd59ba71,Jack White,gregory01@example.org,9649256908,"PSC 4551, Box 5888, APO AA 30005",West Kim,South Dakota,26862,2024-03-23,3.41
2a25a888,Travis Tucker,carolynsmith@example.com,(861)283-0671x98554,"4722 Roberts Place Suite 721, Carpenterchester, MT 54279",Walkerburgh,Ohio,30072,2021-11-07,2.68
63f2ae24,Chad Jones,riverachristina@example.org,+1-515-685-1743x2806,"329 Carol Street, Doughertymouth, RI 33261",South Patriciaborough,Iowa,94466,2020-04-06,1.33
c8fe3ccd,Ashley Wise,jennifer50@example.org,001-561-957-1732x030,"150 Arnold Way Apt. 275, East Thomas, VT 26687",Samuelhaven,Ohio,80294,2022-08-11,3.2
b253d218,Sophia Johnson,brendastark@example.org,(818)347-8700x5050,"03977 Gabriela Mills Apt. 278, Port Cassandramouth, VI 21376",West Monica,New Hampshire,20470,2024-11-25,0.56
c88a618e,Ralph Anderson,susan56@example.net,487.982.9310,"06876 Krista Green, Lake Kimberlyside, VT 03610",South Alyssa,Georgia,13496,2023-11-18,2.17
7c967f79,Christopher Guerra,rogersmarcus@example.org,+1-407-390-3202x0417,"6056 Patterson Crossing, East Melanieshire, WV 15152",Atkinsside,Utah,88715,2021-09-30,2.27
37bb3eec,Rhonda Martin,fconner@example.net,717-899-3136,"5237 Joseph Isle Apt. 773, Matthewmouth, MA 59532",Williamschester,New Mexico,71353,2022-11-14,4.77
bc594585,Jason Rhodes,grant89@example.com,419-882-5309x25114,"022 Johnson Land Suite 442, Thomasmouth, TX 39151",Leeside,South Dakota,67098,2020-09-18,4.38
504867ba,Jeremy Mitchell,elizabetholsen@example.com,(358)827-3902,"94643 Melissa Prairie, Eddietown, KS 48232",Lake Wendy,Georgia,96326,2022-11-06,1.32
7a0ecfea,Joann Ferguson,jessica42@example.org,001-520-471-0021x94672,"9252 Mills Lane Suite 287, South Penny, AL 88154",Sarahhaven,Michigan,29835,2021-09-23,2.5
87f7e1fb,Robert Harrison,rushstacy@example.com,+1-348-676-3290x9279,"USNV Walker, FPO AE 29901",New Kevin,North Carolina,46288,2021-03-22,0.89
82010c62,Holly Valentine,whitelucas@example.net,(560)983-3181x958,"357 Hudson Route, Port Juliehaven, MH 30434",West Lauren,California,24989,2023-12-21,4.56
118a9d29,Mrs. Diane Reyes,daniellegarcia@example.com,001-634-503-1277x22005,"061 Romero Groves Apt. 079, East Jonathan, WA 24445",Morseport,Idaho,60936,2022-10-13,4.35
dca02eec,Tracy Montoya,markmiller@example.com,(345)397-0108x22078,"72094 Davis Field, East Alexandraton, IL 30331",Hermanside,Georgia,97123,2023-08-29,1.49
f10c718b,Brenda Wright,gary15@example.com,379.795.6353,"1805 James Crescent Suite 173, New Bridgetfort, ME 75124",West Matthewmouth,Massachusetts,79155,2022-12-18,3.19
94340a03,Shelly Spencer,bakerjohn@example.org,913.263.6317,"73997 Johnathan Lodge Suite 725, Palmerport, KS 70256",Mcintoshton,Rhode Island,95963,2021-12-28,3.04
14fcdd54,Ryan Rosales,jonathan10@example.org,(723)497-2652x73543,"884 Rodriguez Throughway Apt. 705, Simpsonburgh, CA 57126",Wardmouth,Arizona,08797,2022-12-20,0.76
90b2b633,Phillip Nelson,akim@example.org,4907421776,"5823 Kathryn Forest, Warrenmouth, WI 70021",Christopherfurt,Pennsylvania,69753,2022-02-09,3.81
42c18a62,Brittany Kim,ysnyder@example.com,349.829.2983,"392 Moore Trafficway Suite 229, West Sue, NJ 86155",East Anne,Vermont,63005,2024-04-15,2.7
506e5a9a,Courtney Hayes,egarcia@example.net,573.497.7406x33569,"434 Michael Village Suite 524, Jessicamouth, NV 40873",New Austinmouth,Michigan,43147,2024-07-15,3.89
21813d25,Alexander Brown,franciscojones@example.org,001-806-900-7806,"0606 Brewer Dam Suite 403, Lake Jennifer, LA 49453",Danielfort,Missouri,93332,2020-08-10,2.65
750cab75,Cynthia Vang,andrew41@example.org,001-617-573-1806x325,"5883 Christina Mill Suite 113, West Jennifer, VA 78218",Jessicaville,Montana,97007,2021-01-17,0.0
ef8c485b,Alfred Galvan,george62@example.net,+1-810-474-2799x0772,"673 Benitez Radial, Brownton, SC 45418",North Stephanie,Wisconsin,92292,2024-07-15,1.62
9f044aed,Marie Moody,paynerachael@example.org,(570)316-5804x649,"4172 Mark Trail Suite 229, Audreyside, CO 57944",South Kimberlyfurt,Ohio,03094,2024-12-25,0.1
19985f15,Dustin Gallegos,brooke97@example.net,+1-750-785-0165x790,"840 Kelsey Cliff Suite 573, West Taylor, NH 47975",New Valerietown,Maine,53724,2021-02-04,4.65
8181a8cc,Brenda Thornton,reynoldsdesiree@example.net,(381)983-2538,"9021 Simmons Valley Suite 080, Allenchester, AZ 66589",West Linda,Virginia,63714,2023-03-19,4.39
5958a499,Aaron Miller,gmoore@example.com,001-793-935-5486x4015,"749 Walters Street Apt. 918, New Erichaven, PR 11999",Flemington,Kentucky,65120,2023-10-18,4.16
3e896c64,Ruben Dunn,terriortiz@example.net,988.317.8847x9513,"316 Owens Streets Apt. 512, Shawnchester, FM 03316",East Cynthia,North Carolina,51047,2024-04-02,1.54
702cdd20,Kelsey Rodriguez,donna43@example.org,462-941-1241,"96003 Simmons Green Apt. 958, Valdezborough, WI 75793",Lovestad,Washington,12949,2021-10-13,0.29
4d71c366,Eric Williams,longandrea@example.com,(738)804-6827,"PSC 9232, Box 3421, APO AE 70417",West Lisa,West Virginia,85782,2022-09-02,4.39
ce9e1a11,Riley Bryant,briansmith@example.org,704.931.0385x695,"85155 Dominique Flats, Frankview, IN 28974",Hollyland,Georgia,06195,2022-07-23,4.73
aaf91531,Taylor Carlson,madison97@example.org,001-488-677-4924,"71607 Omar Mission, Rossborough, WI 50374",North Patricia,Kansas,55877,2023-06-06,0.43
ee87905e,Jose Allen,johnsongeorge@example.com,475.440.2547,"28981 Katherine Crest, Yangstad, WA 42035",East Samuel,New York,99528,2024-05-28,2.43
e0ccedc5,Jeffrey Mendez,wellsdarrell@example.com,001-484-922-2231x059,"85748 Sierra Brook, South Lindafurt, PR 13616",Kristenshire,Kansas,82964,2020-12-05,0.35
e3c43657,Jason Beck,qburns@example.com,452-638-0552x578,"64316 Smith Harbor Suite 023, New Albert, NC 20916",Monicaton,South Dakota,95312,2024-04-04,3.8
27cb6f2a,William Jones,maypaul@example.com,706-672-7520,"09345 Morrow Manor Apt. 282, West Natasha, DE 21783",East Michelleton,Illinois,49028,2023-12-13,3.83
35ebd32d,Katie Mcneil,cwood@example.org,649.229.7517x0281,"6549 Johnson Burg, Anthonyfort, AZ 96832",West Danielborough,New Hampshire,76785,2023-05-29,0.64
afffcfd2,Jeanette Harrison,scott43@example.com,(693)575-1509x3983,"86982 Craig Keys Apt. 161, South Stevenchester, PR 70850",West Tammy,Oregon,22396,2021-07-26,2.38
81627cf1,Veronica King,hernandezheather@example.org,7182718637,"7742 Douglas Lakes, South Trevorshire, ID 16994",Scottmouth,Wyoming,01323,2023-07-25,2.75
e87d1c78,Richard Cooper,barnettlindsey@example.com,+1-356-526-5650x45547,"31164 John Glen, Lake Donna, MA 93622",South Justinfort,California,83706,2020-09-26,1.33
a2607723,Lori Ingram,angelarandall@example.net,001-576-674-2662x9912,"Unit 9889 Box 4256, DPO AA 87166",Port Scottborough,Idaho,71047,2022-10-28,4.36
0b49452d,Evelyn Williams,rsheppard@example.com,985.419.6106x4628,"603 Alexis Roads, Port Lauraburgh, MO 42775",South Brooke,Connecticut,69005,2022-02-03,2.12
217d65a0,Robin Thompson,thomasmiller@example.net,626.948.7049,"5396 Haney Motorway Suite 871, Dianahaven, MA 44705",West Jeanetteshire,Florida,13667,2021-12-20,1.06
295d6fbf,Julie Dominguez,shawrachel@example.net,+1-373-600-2447,"Unit 2457 Box 8715, DPO AP 34955",Dawnbury,Colorado,86246,2023-07-21,2.7
b4a69f3c,Robin Brown,davidtodd@example.org,(827)630-1471x95979,"0821 Theresa Village Apt. 184, Port Michael, NV 57669",North Alecfurt,Colorado,35418,2021-05-06,3.65
1ca3c448,Judith Carter,teresastokes@example.org,+1-971-458-9042x9025,"268 Donald Springs, Port Alvin, VA 98096",Susanborough,Arkansas,32923,2025-03-07,1.01
b0e6a969,Curtis Williams,hendersonvanessa@example.com,(520)445-6504x481,"880 Ryan Square, West Erik, TX 22211",Kendratown,Delaware,10339,2025-01-29,1.56
093923de,Kaylee Hays,wendyburton@example.net,001-419-228-5544x51895,"289 Garrison Harbors, South Kennethhaven, MT 62962",Lake Phyllis,North Dakota,81918,2022-05-15,4.98
8d7248e2,Dawn Mullins,luis11@example.com,(584)457-6521,"401 Erickson Skyway, Jasonland, AR 99482",North Joshuaberg,New Jersey,17204,2023-05-20,3.25
0ab54bde,Howard Norman,rarnold@example.net,233.989.8881x67112,"2362 Myers Fields, Port Michael, IN 36705",East Rosshaven,North Carolina,61723,2023-11-03,2.19
eededb07,Evelyn Martinez,astark@example.net,(545)427-9852x401,"92372 Hodges Branch Apt. 848, Port Courtneyfort, IN 87063",Calebside,Arizona,80022,2022-05-30,2.59
0a368ce7,Steve Paul,jrodriguez@example.org,001-923-842-3216x110,"972 Nicole Throughway, Nancyton, MS 33983",Courtneyville,Kansas,58774,2023-02-01,0.61
ae9bec36,Jasmine Beltran,buckleyanna@example.org,6312089071,"9274 Alexandra Corners Suite 376, Brownville, VI 37227",Lake Matthew,Vermont,54207,2020-08-18,1.12
5a8aaeca,Jonathan Glass MD,mikayla56@example.com,440-711-9393,"8564 Miller Courts Suite 397, New Ryan, KY 14127",New Michael,Minnesota,15807,2025-03-07,1.69
dfed2c43,Monica Miller,kpena@example.net,5123495528,"Unit 7899 Box 6986, DPO AE 79362",West Gina,Vermont,60878,2025-01-27,2.94
bfddc3d9,Samantha Gardner,rjohnson@example.com,290-383-3428,"113 Carpenter Station, Ochoaton, MI 85316",Dwaynestad,Oklahoma,66452,2025-03-02,1.15
3c9ad14c,Bobby Guerrero,christinebecker@example.com,787.859.2712,"806 Caldwell Burg Apt. 920, Coreychester, AS 04220",Joneston,Nebraska,91568,2020-06-06,1.1
ccc56569,Lance Simmons,fosternatasha@example.net,(638)236-1517x18275,"5534 Bowers Islands Suite 423, Joystad, WI 23052",Stuartshire,West Virginia,15006,2020-06-30,0.35
698c206f,Heather Williams,brandonalvarez@example.com,957-516-4794,"5983 Poole Courts, Lake Richardfort, SC 24905",Lake Andrewshire,South Carolina,46683,2021-02-19,3.16
ecab3301,Heather Bolton,andrew44@example.com,+1-264-963-1752,"7557 Fischer Extension, Allenborough, OR 41202",Hahnside,Arkansas,78281,2020-08-04,1.14
696608aa,William Gould,rgarrison@example.org,+1-716-578-1126x69121,"PSC 8488, Box 2691, APO AE 12738",North Amymouth,Texas,55420,2024-09-16,4.53
bc2cbb0d,Mark Cox,dennismccann@example.com,939-861-3674x99465,"2585 Anderson Lights Apt. 499, West Yvonnemouth, GU 05845",Bakerbury,California,76464,2024-11-23,4.3
28c13091,Meghan Cisneros,joseph69@example.net,384.227.1147x7320,"407 Martha Forges, East Scott, AS 28808",Masonberg,New Jersey,70393,2023-01-29,0.35
61ee411a,Lawrence Harrington,lopezjason@example.com,370-326-9524,"09776 Robert Vista Suite 964, Lindaview, NE 49027",Lake James,Arkansas,84813,2024-04-06,1.19
787f2425,Austin Osborne,xmalone@example.org,+1-287-273-4778x48588,"8512 Heath Squares, Port Amanda, DC 13165",Kristopherstad,New York,32869,2022-02-13,3.34
eb1fa9f2,James Bradley,cameronmckinney@example.com,(916)875-6770x02842,"Unit 8785 Box 1935, DPO AP 92532",North Aaron,Maine,71413,2025-02-04,1.07
d20eac17,Meghan Rush,kimberlywarren@example.net,(946)971-9788,"4907 Crawford Mews, East Andrewmouth, OH 85734",Ellisburgh,Vermont,91304,2020-04-29,0.66
39118497,Phillip Berry,thompsonnancy@example.org,+1-728-606-4796,"2151 Hudson Stream Apt. 976, South Jason, NV 41110",Markborough,Arizona,39679,2024-09-13,4.68
6601ddd0,Jennifer Banks,wrightstephen@example.com,700-790-2559x05616,"3986 Katie Springs Suite 090, Brianaland, RI 08840",Lake Michael,South Dakota,46368,2022-03-04,2.86
11c58ef0,Brian Fitzgerald,joshuacolon@example.net,(250)733-3491x14152,"339 Mary Burgs, Chandlermouth, CO 12842",North Trevorfurt,Iowa,87105,2023-01-29,2.36
59e4b671,Mr. Justin Green III,hreid@example.net,2767986407,"USCGC Ballard, FPO AA 91781",Jonathanfurt,Rhode Island,65706,2021-07-29,3.92
adf4e62d,Zachary Mitchell,allentracy@example.com,(496)659-1713x5785,"14526 Porter Ferry Suite 633, Valerieland, MA 59709",West Daniel,Georgia,23857,2020-12-28,4.04
54c63cd8,Katherine Martinez,susanwells@example.net,(863)571-8344x049,"90805 Gary Pines Apt. 056, Anthonyshire, OK 49631",Isaiahton,Minnesota,96763,2020-11-27,0.95
e08596db,Jodi Roach,max41@example.com,+1-519-719-5419x876,"97283 Davis Springs, New Neil, HI 58264",Lake Stacey,Connecticut,89047,2024-10-11,0.48
94a1875d,Brandon Fleming,hughesfrank@example.net,848-646-8536,"270 Savannah Underpass, Port Sarahport, CT 46252",East Kristina,Pennsylvania,02681,2023-09-01,2.16
09cb3942,Emma Reed,mercedesholland@example.net,+1-687-882-0829x737,"73929 Pace Shoals, Bowersville, TN 73175",Markville,South Carolina,94373,2024-08-16,2.12
587ef344,Joshua Vance,josephortiz@example.org,001-608-835-7232,"2373 Williams Circle, Cochranshire, CT 68637",North Joton,South Carolina,96430,2022-08-27,2.34
6fb78271,Michelle Ho,wellsdavid@example.org,(451)536-4424x93631,"998 Sherman Row Apt. 452, Gallagherport, SC 56379",Lake Pattychester,Kentucky,20250,2022-08-18,3.65
1d9af659,Rebecca Hicks,walkercharlene@example.com,5344778660,"70715 Lynch Inlet Suite 408, East Staceyport, MH 77501",West Johnside,Vermont,92447,2021-08-18,3.37
30a900ad,Curtis Taylor,rodney65@example.com,720-644-8207x001,"508 Brandon Hollow, Lopezside, AR 90175",Dixonbury,Minnesota,51722,2022-09-09,4.92
6fa17735,Allison Spencer,jeffery48@example.net,365-616-2319,"503 Stephen Ferry, Lake Luke, VT 27188",East Oliviaville,Idaho,49898,2023-07-02,0.49
ce777f00,Robert Arnold,asilva@example.net,313.491.5596x3632,"63140 Donna Village, Traceyfurt, GU 30434",South Philipbury,Rhode Island,48819,2022-07-16,2.01
f0b5156b,Angelica Parker,anna99@example.com,747.364.9078,"22939 Macias Manors Suite 346, South Madisonfurt, KY 25338",New Sara,Massachusetts,91718,2024-07-23,1.7
3270e4fa,Dr. Kelly Hammond DVM,gabrielle71@example.com,286-573-4257x54090,"9060 Anderson Spurs Apt. 111, Port Tracy, HI 70878",Peggymouth,West Virginia,52831,2024-07-30,4.31
f2e9702d,William Day,danielle44@example.net,686-645-1837x606,"648 Mitchell Port Suite 116, North Angela, NM 26818",Cookshire,Wisconsin,70475,2022-09-18,1.24
9f871ce7,Michael Cooper,jacob83@example.org,634-332-7560,"7113 Marissa Ferry, Port Heatherland, IA 57641",Morrisshire,Delaware,50894,2024-01-29,0.95
1fe771d6,Penny Bowman,rguerrero@example.org,001-777-965-6124x81569,"279 Elizabeth Parkway Apt. 350, East Matthewview, PW 23507",North George,New York,22890,2025-02-20,2.24
81d2c7de,Vincent Reynolds,rioswhitney@example.com,001-300-327-2063x459,"066 Stacey Parkways, East Jackborough, MA 86747",Collinsfurt,Connecticut,80669,2023-05-03,2.11
5380b904,Amy Martinez,vsullivan@example.org,(438)629-6577,"1398 Hawkins Divide, Brianland, MT 68402",East Stephaniebury,Idaho,46887,2023-11-28,1.39
8dedf9fb,Christopher Morris,matthewreeves@example.net,(895)843-1652,"550 Rachel Spur, North Patrick, OK 08157",Lambertburgh,Idaho,75834,2021-08-20,1.25
aa38d0a1,Hannah Everett,qknox@example.com,001-530-608-9317,"09810 Pineda Rue, Campbellfurt, NV 98551",Lake Donaldstad,Georgia,12848,2024-12-15,4.62
bf85bf0e,Sarah King,megan82@example.com,001-320-269-6942x152,"457 Calhoun Drives Suite 853, West Dana, HI 51416",Abigailland,New York,18636,2023-05-04,2.22
91b0e1d9,Krista Martinez,ruizjoyce@example.net,001-886-477-1333x447,"Unit 2506 Box 4207, DPO AA 93652",Stevenmouth,Missouri,42925,2024-05-09,4.31
d56f0350,Joseph Shaw,staceylam@example.net,(939)534-3626x20443,"2536 Stephenson Mount, Wallacefurt, NH 48153",Lake Caitlintown,West Virginia,59249,2022-12-23,2.75
35ce8841,Todd Moore,walkerjeffrey@example.com,(697)310-7256x366,"83333 Stacy Stream Suite 786, Dawnborough, MO 19025",Wilsonstad,Kentucky,27258,2025-01-15,0.25
9b4e2c24,Michelle Jacobs,vfrench@example.com,280-205-3759,"9603 Matthew Estate Suite 862, Johnsonborough, MS 74870",East Jennifer,Kansas,40877,2023-02-23,5.0
7118e364,Kristy Bryan,brenda71@example.com,689-464-6528x092,"926 Edward Island Suite 327, Cherylhaven, WA 82825",East Jaimeburgh,Iowa,81338,2024-08-09,4.18
82dc4c8e,Angel May,delacruzbrandy@example.net,475.972.1586x24150,"10005 Lawrence Knolls, Lake Edward, IL 40813",Lake Lauraburgh,Oklahoma,66984,2021-04-04,4.84
f5b78cc7,Marilyn Wang,kennedyjames@example.org,956-444-9485x625,"597 Morgan Extensions Suite 418, East Frank, DE 70271",West Rebeccahaven,New Jersey,78249,2024-08-04,4.63
a8aa7158,Mark Jimenez,amoreno@example.org,+1-970-632-0320,"PSC 6288, Box 7431, APO AP 19722",New Ashleyfort,Idaho,74622,2021-02-16,4.24
a9f25336,Donna Frye,derrickgonzalez@example.com,(976)917-0758,"PSC 1026, Box 7672, APO AE 77332",Lake Michaelville,Hawaii,21801,2020-08-14,0.83
17e8392a,Dr. Michael Evans,tthomas@example.org,512.215.1342x2849,"9927 Tara Skyway Suite 515, East Dennisport, TX 52093",Rodriguezville,Alaska,45514,2021-09-15,2.43
3c20592f,Anthony Gonzales,freemancrystal@example.org,392.761.3715x04165,"PSC 1354, Box 1597, APO AE 82009",Lewisstad,Mississippi,43250,2021-05-27,1.07
ce7ae7f6,Mr. Lawrence Edwards,cynthia07@example.com,(701)277-7490,"54384 Tracy Expressway Apt. 344, Ferrellmouth, AZ 36262",Andrealand,Maine,29797,2020-10-16,2.01
0bd4a990,Morgan Valencia,kathleenjackson@example.org,+1-897-359-2304x5018,"158 David Road Apt. 904, Gonzalezfort, MS 51408",Ashleymouth,Georgia,79451,2023-12-08,0.29
9c7c7377,Bianca Wood,xglover@example.org,(342)636-1032x6642,"655 Russell Junctions Apt. 548, South Juan, CO 59466",Jacksonville,Georgia,36261,2025-02-23,1.89
74962764,Emma Owens,christinaschultz@example.com,964.692.5158x3776,"PSC 1581, Box 0213, APO AE 23714",Hawkinston,Delaware,88471,2024-02-13,4.93
935f2b0a,David Davis,ysanford@example.org,001-896-316-5926,"311 Jennifer Street, Mollyland, FL 76883",Port Victoriamouth,Missouri,57537,2024-10-07,1.33
624c69b6,James Gilbert,fergusonjessica@example.org,3856732788,"519 Brian Dam Apt. 121, North Ryanbury, IL 07054",South Amanda,Idaho,82850,2020-10-23,3.92
25c73c44,Sean Moore,katherine83@example.org,261.374.2243x864,"8373 Jacobs Ferry Suite 490, Lopeztown, CO 23550",North Amy,Missouri,83923,2021-05-09,2.28
e4855aa1,Kenneth Edwards,simsjohn@example.net,6817866179,"Unit 4289 Box 3113, DPO AE 42628",Franklinberg,Utah,01684,2022-09-23,2.12
e2add909,Kathleen Robertson,larry16@example.net,891-680-1722x601,"69496 Robinson Glen, Jillhaven, AL 86332",Nolanhaven,Massachusetts,58741,2024-09-05,4.79
3805f907,Mr. Alexander Landry MD,gary04@example.com,897-279-4523x21941,"2101 Cooper Street Apt. 961, Smithland, MD 77589",Martinport,Utah,97254,2024-10-12,4.98
b227462c,Cindy Gomez,mluna@example.net,9616027769,"919 Acosta Island Suite 575, Evansfort, MD 72055",Lake Codyhaven,Kentucky,39542,2021-10-11,2.78
8eb22579,Johnny Khan,ryan25@example.com,+1-595-264-1220x310,"Unit 3392 Box 0567, DPO AA 43016",East Jennifer,Pennsylvania,18392,2024-01-10,3.59
1f115b76,Julie Herrera,karen26@example.org,972.436.8314,"PSC 6777, Box 2266, APO AE 18776",Martinton,Tennessee,76435,2020-11-17,0.77
76f2dbfe,Jessica Khan,jeffreymercer@example.org,560.612.2777x0793,"265 Ryan Viaduct Apt. 292, North Allen, NJ 20148",New Jason,Missouri,80170,2024-02-11,1.48
8f15ba58,Pamela Diaz,lawrencegary@example.com,001-660-250-1667,"76248 Perez Oval, Reynoldsburgh, NM 87767",Amandabury,Illinois,03446,2020-04-21,4.84
c1581092,Kelly Lee,brooksdanielle@example.net,767.389.9730x8069,"57942 April Park, South Tracy, ME 83274",Lake Sonia,Illinois,58834,2022-12-22,2.9
d0a44432,Angel Gordon,wheelerbrandon@example.org,567-917-9576x024,"969 Carol Pines Suite 552, Annettefort, CA 02822",West Christopherview,West Virginia,35643,2025-02-13,2.71
6d3ee1dc,Diana Hays,williamsdarrell@example.com,(873)783-9597x246,"35357 Peters Ports Suite 325, Lake Brittany, IA 33150",Archerborough,West Virginia,82735,2024-09-06,3.74
722764e6,Barbara Hester,qmartinez@example.com,329.834.1722x3297,"58162 Miller Overpass Suite 941, Priceborough, WY 36704",Lake Michelle,Alabama,62783,2022-09-23,0.29
dc8aee30,Robert Morgan,jamiejennings@example.org,243.338.0054x5228,"73305 Summers Orchard Apt. 457, Cassandraside, ID 85152",North Robertstad,Vermont,19207,2022-06-02,2.92
c074718e,Nicole Gonzalez,robert18@example.com,661-493-1837x45508,"0388 Wright Lane, Haynestown, ME 34709",Lake Alejandro,Ohio,81417,2022-12-24,2.51
46fde062,Kathryn Williams,robertroach@example.net,001-289-310-7711x991,"06157 Sean Light Apt. 975, West Stephenborough, VT 80001",Lake Courtney,Illinois,54503,2021-01-09,4.26
7c0e8cd8,Gary Wells,campbellkristen@example.com,(313)452-4787,"250 Brian Islands, Woodmouth, MP 94938",East Barryborough,Illinois,55951,2022-06-12,0.79
709b7d97,Larry Robertson,chelseastrickland@example.net,+1-455-321-3760x3754,"656 Mark Villages, Lake Justinshire, WV 75019",West Sharonberg,Maine,77868,2021-12-08,4.8
3c07c574,Louis Martin,michaelortiz@example.org,856-953-2863x266,"271 Donald Cove, Lake Jimmy, WV 47728",Port David,Maine,40414,2023-10-20,0.4
e49d681d,Nancy Evans MD,kelleyrenee@example.net,250.872.0811x55626,"Unit 5165 Box 1768, DPO AE 69271",Jimenezberg,Maryland,08749,2024-05-28,0.93
269cd696,Kim Erickson,arivera@example.org,001-602-490-8466x84550,"281 Shane Crescent Suite 330, North Dawnbury, NJ 06057",East Nathanborough,New Hampshire,57893,2021-07-17,2.98
271e3ee2,Robert Richardson,meadowsmary@example.net,001-367-238-9975x634,"28556 Smith Track, Travischester, OH 09408",Port Katherinehaven,Alaska,75748,2024-08-19,3.38
6a34c854,Veronica Silva,fhernandez@example.net,+1-656-728-8431,"39705 Bonnie Land, South Jason, ND 01464",South Matthewton,Maryland,81599,2023-07-06,1.18
7746d0ba,Molly Watts,cummingscraig@example.com,001-620-708-9434x68105,"PSC 9448, Box 5862, APO AE 99351",Kingborough,North Carolina,52452,2024-08-20,0.6
d5385b0e,John Coffey,stephenmadden@example.com,501-574-9075,"54614 Johnson Rapids Suite 321, South Lindaborough, ID 75239",Lake Traceyton,North Dakota,63996,2021-01-27,4.45
c51155ff,Paula Lane,lwilliams@example.org,(544)792-6831x589,"394 Ford Rue Apt. 943, West Alexanderburgh, VI 44270",Jenniferbury,New York,03331,2020-11-20,1.23
05000bc6,Lauren Jackson,michael56@example.net,912.366.1106x273,"576 Samantha Neck Suite 319, North Melissaton, PR 01970",Bryantstad,North Carolina,74220,2021-09-25,2.97
9360715f,Lisa Randall,daviskatherine@example.org,(986)898-8649x767,"USS Turner, FPO AA 96019",Leachville,Rhode Island,01005,2022-01-13,3.1
f1578470,Michael Johnson,christianelizabeth@example.org,(328)527-7288,"05336 Jones Mall, West Kayleeville, ME 19092",East Katrina,Pennsylvania,73016,2020-06-08,2.1
63d62a39,Ashley Smith,michael79@example.com,670.228.5196x115,"07201 Jenny Motorway, Josephshire, NJ 08795",Lake Fernandoland,Michigan,78526,2021-12-20,2.92
d5f25073,Christian Vaughn,watsonmatthew@example.org,221.654.5447x02296,"16600 Reynolds Mountain, Thompsontown, OK 06272",Flemingland,Alabama,60438,2024-09-03,2.61
bc10fa52,Reginald Knapp,dross@example.com,632-970-1851x0679,"473 Johnson Groves Apt. 370, Port Annachester, OH 92637",Evanston,Louisiana,40739,2024-06-17,4.67
e5d6f6e6,Nancy Brown,evaughn@example.com,867-892-2877x72519,"045 Carly Motorway, Stephensstad, TN 49164",New Kaitlyn,New Jersey,90416,2023-02-02,1.02
45df16b6,Daniel Nguyen,danielhorton@example.org,265.680.7412,"5629 Watson Key, Dylanfort, TX 71577",North Sherry,Alaska,89592,2023-11-17,3.58
638c254c,Kelly Edwards,dalepruitt@example.com,+1-518-913-9890,"94255 Hayes Plains Apt. 058, New Matthew, SC 98122",West Johnside,Hawaii,65778,2024-09-29,1.19
cc530e36,Thomas Peterson,ywhite@example.com,701.882.0433x97189,"61618 April Ports, West Sarahburgh, WA 30225",Carlfurt,Alabama,33912,2021-02-25,1.98
d72b6108,Raymond Le,huffmannichole@example.net,001-707-805-6260,"1558 Mills Viaduct Suite 395, Wattsville, IN 84448",Martinshire,Mississippi,73789,2020-11-17,3.36
fb10987f,Melissa Bishop,timothyfreeman@example.com,611-818-2422x412,"308 Tyler Cliffs, Johnfurt, ME 27927",Port Mistyville,South Carolina,46630,2025-02-06,1.5
e82c7d7b,David Grant,qwilliams@example.net,+1-720-695-2004x61526,"00041 Jacob Trail, North Jonville, NE 47361",Tuckerhaven,Utah,90361,2022-04-10,1.58
a9ba5a27,William Evans,alexander89@example.net,(610)233-9937x8861,"945 Brooks Hollow, Harveyfort, SC 81084",West Richardstad,Missouri,81478,2024-05-13,3.76
6db99102,Daniel Bush,tiffanysantiago@example.com,578-461-7063x04891,"75504 Callahan Lights Apt. 699, Stacyfort, AK 50304",Skinnerfurt,Wyoming,75340,2024-10-06,0.36
2e85cb21,Gregory Peck,reynoldsjessica@example.com,896-971-8325x8238,"74811 Jennifer Stravenue Apt. 765, New Tracey, AZ 42820",Finleyton,North Carolina,37755,2020-11-10,2.29
53cd6268,Denise Martinez,elizabeth62@example.net,6076942007,"96102 Selena Mills Apt. 827, Heidifurt, AS 70711",Hallfurt,Utah,53667,2022-07-10,4.99
56666f9f,Jamie Baird,smithsarah@example.net,+1-865-339-8402x89141,"9187 Rachel Hill, North Kelly, MA 56433",North Ashley,Minnesota,36650,2023-01-17,4.98
473bd358,Tina Ballard,kchristian@example.org,(684)963-9855,"37730 Parsons Valley, Port Nicholas, ME 24444",Coxton,California,10366,2025-01-31,0.37
6bebac31,Dwayne Klein,vflores@example.com,935-253-7950x209,"71122 Joy Rapids Apt. 775, Smithhaven, MH 91440",Biancaview,South Carolina,67224,2020-04-12,1.07
78660765,Jeremy Scott,hunterandrea@example.com,2269876811,"7046 Jones Corners, Nataliestad, NJ 53103",Dianamouth,Wyoming,25868,2020-05-17,1.33
0d557b61,Dale Ryan,fmontoya@example.com,+1-215-569-5620x17537,"10219 Elizabeth Mission, Angelafort, CA 86518",Myersborough,Massachusetts,80227,2025-01-20,4.67
39669fa7,Melissa Taylor,csolis@example.org,001-604-953-1943x3750,"80332 Anderson Squares Suite 050, North Aliciaview, OR 70037",Cassandraborough,Illinois,66570,2021-08-08,4.4
f510ab53,Laurie Sanchez,hwest@example.com,001-593-403-6149x872,"3733 Mendoza Forest, East Paulside, PR 09796",New Robert,Utah,40119,2021-01-29,4.4
07f194f9,Kiara Little,garciarobert@example.net,692-512-4938,"217 Ashlee Gateway, Francostad, IN 34903",West Deborahfurt,New Hampshire,15252,2023-12-21,1.85
d6d7b3b8,Jason Love,petersenlatoya@example.net,+1-308-994-8706x05664,"56035 Cole Villages Apt. 279, Lucasburgh, IA 79010",South James,New York,54365,2024-03-01,0.79
3d114802,Randy Smith,pamela83@example.net,558.703.0468x7506,"69061 Janet Trail Apt. 054, Campbellmouth, ME 70662",South Dennis,Kentucky,61061,2025-02-02,4.17
1d48a071,Tanya Russell,xclements@example.org,790-636-1332,"8769 Taylor Course Suite 588, West Crystalview, VI 38373",North Kennethberg,South Carolina,32290,2020-08-01,3.52
770c7798,Sherry Woods,meganrivera@example.net,510-376-0954,"5393 Compton Fields, Zacharychester, KY 35092",Javierchester,Vermont,38377,2023-05-02,3.06
5e6fea07,Victor Morris,xmoran@example.net,335.305.8319x9717,"243 Marquez Plaza, Jamesmouth, OR 68673",Port Joanne,Idaho,60575,2022-11-13,4.94
f6b751f7,Susan Davis,wwilson@example.net,6068512070,"339 White Rue Suite 536, Loveshire, NH 70940",Josephberg,Montana,68525,2021-06-10,3.27
c71d5e60,Kimberly Sharp,aaronkelly@example.net,810-580-4661,"141 Li Lock Apt. 134, Gibsonside, OR 36819",Lake Xavierhaven,Nevada,83065,2024-12-12,0.04
4fa03f26,Susan Thompson,amy51@example.org,+1-990-776-7699x150,"40679 Thomas Loaf Suite 122, West Kathleenton, AZ 09712",New Jessicaville,South Dakota,45506,2023-10-20,4.09
edcb8cb6,Casey Gillespie,travisunderwood@example.net,001-431-610-9193,"16309 Alejandro Junction Suite 463, East Christine, OK 99031",Hernandezbury,Texas,27535,2023-10-13,1.5
e87466d7,Jennifer Simpson DVM,nrodriguez@example.org,(867)797-2320x024,"20895 George Views Suite 389, East Christopherview, AS 64235",Rebeccaland,Indiana,52755,2025-02-28,3.32
f1043785,Tammy Mcdowell,davidphelps@example.org,498-222-7495x4508,"3379 Patricia Forges, Danielbury, TN 40935",Bakerborough,Hawaii,96586,2021-12-13,4.69
9793b9b4,Keith Rodriguez,msummers@example.net,388.706.5333,"3311 Marquez Mills Apt. 696, New Kathyborough, FM 88753",Lindaberg,Rhode Island,76722,2022-01-23,0.67
3e2b6091,Mrs. Virginia Daniels,daniel60@example.net,677.895.9959,"0789 Massey Rest Apt. 521, Jacksonfurt, IL 29065",Staceyburgh,West Virginia,70812,2023-05-12,0.58
4d3485c5,Todd Rosales MD,bartonshannon@example.net,921-770-7303x37933,"3436 Yu Spur Apt. 170, Armstrongstad, MS 03187",Elizabethstad,Massachusetts,70390,2020-12-10,0.54
ce3714af,Brian Martin,tamarasmith@example.net,001-463-662-0501x5081,"1645 Joseph Green Suite 223, Port Barry, MS 48286",East John,Nebraska,14501,2022-11-05,2.77
90e0f4a0,David Lopez,tranryan@example.net,439.750.0334x234,"21980 Miller Glens, Hernandezberg, PR 57634",Port Austin,Iowa,50415,2024-06-22,1.36
8861fe18,Rachel Bradley,xglass@example.org,+1-432-830-2410,"64281 Monica River, New Diamondburgh, LA 72320",North Christian,Louisiana,38900,2024-10-05,3.02
11a72609,Casey Chase,jessicaanderson@example.com,+1-315-334-7355x2896,"30391 Kendra Grove Apt. 817, Jenniferberg, ND 24986",Melindahaven,Idaho,77083,2020-05-11,3.59
033d2bce,Samantha Robertson,william66@example.net,(823)538-6559,"2480 Phillip Expressway, South Ericberg, IA 80319",Sullivanstad,New Hampshire,70454,2024-02-19,1.02
7d7ddbed,Michael Lopez,joshuastuart@example.com,2996384253,"3721 Fernando Rest Apt. 162, West Stevenfort, TX 99363",Mitchellmouth,New York,04165,2020-04-13,3.17
5cb85aed,Franklin Wright,iballard@example.com,(489)873-1791,"785 Walton Pine Suite 287, Port Benjamin, CA 79117",Hendricksshire,New Mexico,35264,2022-11-22,1.32
75b17a55,David Molina,megan85@example.net,001-885-278-7255x87774,"Unit 4196 Box 6645, DPO AE 41729",Victormouth,Massachusetts,38513,2021-11-04,2.44
2d174fc9,Elizabeth Sharp,jamesweber@example.com,833.473.6346,"62792 Sanders Divide, East Rebeccaview, NM 52830",Matthewsview,Hawaii,41924,2021-04-05,4.53
a6846099,Matthew Schwartz,samantha22@example.net,(248)912-1478x539,"3726 John Drive Apt. 450, Stevenfurt, FM 86147",Staceystad,Hawaii,01795,2023-07-16,4.23
eb6c1016,Bryan Parker,jennifer58@example.com,495.967.7665x75460,"458 Williams Ways, Jonesmouth, ID 41178",South Nathan,Minnesota,79790,2020-05-09,0.46
7701f7bb,Jonathan Jacobson,icraig@example.com,341.651.4888,"PSC 2012, Box 8400, APO AP 29165",Ritterview,Oregon,22346,2021-03-20,2.12
97ac6aa8,Emily Wilson,hstokes@example.org,511.715.0835,"76597 Howell Haven Suite 089, South Katherinechester, WV 67868",Hugheshaven,Georgia,87386,2021-03-21,1.38
3ed8c56c,Elizabeth Mendez,jamesbrian@example.org,844-839-2840x445,"65742 Kathleen Flat, New Patrickfurt, IN 05991",Riversland,Alaska,84388,2025-01-29,0.02
4767d76c,Casey Hernandez,josephfloyd@example.com,001-907-582-6333,"36936 Ronald Port, Veronicaborough, AL 09181",Clarkview,Nebraska,67972,2022-03-27,3.86
c01f36bf,Lisa Perry,dwayne04@example.org,298.777.5153x66377,"7137 Sandy Park, North Elizabethmouth, RI 95911",North Gregory,Colorado,52208,2025-02-25,3.19
ab0e664e,Kaitlin Medina,howardshaun@example.net,(892)840-7553,"Unit 7498 Box 8558, DPO AE 88024",Mitchellside,Montana,01800,2020-11-10,1.31
7e8adee7,Colleen Wright,juliahoffman@example.org,+1-868-845-9090x22599,"330 Webb Isle Suite 760, Laurieview, CT 19895",New Martinport,Minnesota,43317,2020-04-09,3.71
7cd0129d,Shelley Miller,heather06@example.com,961.686.3715,"72188 Gutierrez Locks, Knightport, CO 32285",Port Matthewfurt,Ohio,22901,2022-04-19,2.76
4223623b,Michael Miller,rfrye@example.com,421-582-0970,"150 Sullivan Meadows Apt. 670, Sharonville, ME 31392",West Kristin,Colorado,16002,2024-09-17,2.14
989d9d4a,Amy Kelley,smithjohn@example.net,264-733-4817,"9366 Justin Ridge Apt. 529, Brittneyland, CT 11261",Barbarafurt,Georgia,04616,2021-04-02,0.05
8e485223,Laura Hernandez,ogreer@example.net,502.456.6212x86716,"86712 Aaron Fall, East Kellystad, TX 90372",Meganburgh,Rhode Island,22000,2025-01-22,0.38
30e912f2,Joseph Wilson,kari89@example.org,546.972.9949,"PSC 5910, Box 2451, APO AE 76898",Port Sandratown,Florida,52729,2024-03-20,4.42
680bac63,Kevin Davis,kellythompson@example.net,930-927-1693x859,"032 Holloway Overpass, West Brittneyhaven, CA 80813",Bergview,Alaska,18790,2022-10-18,4.52
3d85de89,Rhonda Chavez,lopezglenn@example.net,590.414.7546x926,"9428 Tyler Fork, Antoniomouth, TN 21840",East Micheal,Tennessee,60621,2021-04-29,2.73
b63b4dc3,Joyce Brown,bennettroy@example.net,+1-667-362-9160x324,"8446 Roman Freeway Suite 533, Hernandezberg, AZ 10915",West Hunterville,Mississippi,05623,2022-11-12,4.17
046a0df5,Robert Cummings,david94@example.org,001-937-468-1511x856,"17221 Townsend Spurs, Bethfort, NE 54224",Brianview,Oregon,52498,2023-02-27,2.91
6786d506,Robert Reese,steven20@example.org,838-207-0176x563,"370 Moore Fields Suite 100, Perryfort, NH 86789",East Laura,Washington,52957,2021-03-19,0.74
a9f948b2,Amber Cooper,candice94@example.com,3415257771,"Unit 5725 Box 6592, DPO AE 22020",South Lisa,Hawaii,38495,2022-04-03,0.64
8db06746,Zachary Michael,charles58@example.org,001-372-874-2209x124,"USCGC Davis, FPO AA 19921",Kimberlyport,Georgia,72967,2023-10-24,1.54
ff233d5f,Timothy Johnson,abigailhartman@example.org,(210)542-7523,"89743 Robert Trail, Lake Michaelmouth, AS 81094",Lake Lisa,Pennsylvania,79383,2020-07-17,4.49
5a104129,Randy Cannon,zdaniels@example.org,508.516.4709x006,"78332 Becker Walks, Alyssahaven, OR 80777",Knightbury,Maine,08523,2025-01-24,3.98
4e7ed827,Maria Fisher,jeffrey35@example.com,(333)410-6005x313,"PSC 3607, Box 9848, APO AA 06335",Pereztown,Delaware,02870,2020-09-07,4.3
b8a6171f,Janet Kane DVM,kelly98@example.com,001-820-868-1558x3938,"9176 Sloan Rest, West Mary, IN 59387",New Debbieville,California,71851,2024-09-13,4.49
be2d740a,Michael Stanley,wilsonmichael@example.org,733-215-5206,"94640 Billy View, Allentown, NE 06761",Bentleystad,Massachusetts,23981,2022-12-22,1.05
b0ae8f08,Martha Bailey,susanfleming@example.com,(937)331-4950x1364,"USNV Nichols, FPO AP 55125",East Sarah,Wyoming,35963,2024-09-25,1.25
bd1531c8,Joshua Rice,hmoon@example.com,001-789-924-1956x252,"079 Amanda Plaza Suite 136, Gregoryborough, AL 90296",West Jessicamouth,Nebraska,70577,2021-01-15,0.51
96ef2ad6,Courtney Smith,amber40@example.net,250-599-7683,"370 David Summit Suite 244, Martinchester, IL 96073",New Juanburgh,Indiana,33618,2024-06-15,3.9
98c7472a,Edwin Nunez,willie87@example.com,2914436391,"4881 Tonya Well, Port Sharonbury, CA 99912",West Lisa,Arizona,47499,2021-03-25,4.42
d52721e7,Kim Morrow,phillipsdenise@example.com,(474)632-6303x975,"USNS Wilson, FPO AA 44741",Jocelynburgh,Georgia,68669,2020-07-18,2.03
5c62b3a2,Gregory Hill,vaughangary@example.net,508-864-0355x33803,"179 Floyd Knolls Apt. 526, New Sierra, VA 02890",Smallhaven,Pennsylvania,14181,2022-08-05,3.1
b540b30e,Molly Rodriguez,simsjason@example.net,452.570.1713x02321,"PSC 9112, Box 2528, APO AP 70599",Greenfort,Massachusetts,29525,2022-12-21,0.77
0ba6eab9,Jennifer Miranda,michellecoleman@example.org,881.467.4233,"56618 Lewis Field Suite 913, Grantmouth, MS 42734",North Tylerburgh,Massachusetts,00572,2020-09-13,4.65
4ac9778d,Alexis Harris,amandapark@example.net,+1-834-449-7347x156,"07309 Smith Shores, Deborahchester, WA 01475",Lake Allisonmouth,Wisconsin,73413,2021-05-03,4.32
a34b6cf6,Andrew Harper,elucas@example.net,476.489.6270x6614,"Unit 7121 Box 9881, DPO AP 18296",East Rebecca,Texas,71230,2022-09-24,4.88
1a432f0a,Amber Yang,andrewlove@example.org,467-947-4689x715,"90534 Carter Walks Apt. 042, Lisaberg, KY 45057",Chavezshire,Vermont,75622,2021-12-27,4.05
48ca7651,David Robinson,jonesgregory@example.com,823.800.8576,"517 Rodgers Lodge, North Tinamouth, HI 93798",Rossmouth,Pennsylvania,73317,2024-02-08,4.41
5738811d,Amy Gordon,andrewsjeremy@example.com,001-556-874-9160x1692,"991 Wilson Greens, Lucasville, HI 76052",Lopezmouth,Montana,25398,2021-12-09,0.12
40a26c60,Robert Dennis,ohughes@example.com,758-275-0663x370,"04488 Lisa Plaza, Rebeccaport, CT 53408",North Joshuaton,Iowa,87758,2023-08-04,3.68
1d34d08e,Kyle Chambers,ystewart@example.net,001-324-397-2439x920,"6154 Derrick Court, North Patriciaton, NJ 47834",Port Crystalstad,Nevada,05894,2020-10-10,1.66
7de31a51,Eric Thomas,nicholsdarlene@example.net,+1-866-691-8362x6448,"2983 Matthew Ferry, Lake Lisafort, IL 96019",Port Scott,Kansas,43739,2023-02-07,4.65
afbb411a,Connie Turner,avilabrenda@example.net,001-961-219-5243x6402,"836 Erin Wells, Barbaraborough, NM 72271",North Sarastad,New Jersey,63738,2024-09-12,4.01
cfa701cd,Travis Hobbs,howardwesley@example.com,716-486-4622,"96384 Taylor Ramp Suite 944, New Melissa, DE 93156",Debraton,Texas,40493,2024-05-27,4.32
15ce6a66,Lori Simmons,catherine47@example.com,001-223-472-8179x323,"16934 Barbara Via Apt. 320, East Julie, VA 09964",North Samanthafort,Washington,87894,2021-12-06,4.05
8edddfcd,William David DDS,bshort@example.com,001-334-767-9121x41614,"41903 Maria Bridge, Rodriguezborough, NV 19425",Lake David,Georgia,71392,2023-05-29,1.33
989bc4da,Emma Butler,amandataylor@example.com,2932771004,"5668 Ramos Flats, East Paul, ID 87776",Jacobmouth,Tennessee,72730,2023-08-09,3.94
c693da11,James Webster,susan24@example.net,938-706-9847,"7460 Smith Mountain, North Kimberly, MP 08311",North Ronald,Nebraska,31559,2021-05-16,0.54
e893be3d,Samuel Turner,susan08@example.net,+1-765-755-5356x690,"61424 Thompson Trafficway Apt. 781, Baileybury, NV 26836",Jeremyshire,Idaho,81615,2023-12-04,4.36
96a9954f,Renee Melendez,davidsmith@example.net,607-562-0918,"6427 Samuel Dale Apt. 376, New William, FL 14895",Port Samanthafurt,South Carolina,78489,2020-11-08,4.29
9191b363,Tracy Grant,fmedina@example.com,(779)978-6305x050,"414 Francis Brooks Apt. 913, Johnnybury, WV 88115",South Victoriaton,Washington,97087,2022-01-11,1.11
f5c9b047,David Harris,kaitlinberger@example.com,397.869.1567,"USNS Burton, FPO AP 00942",North James,Maine,62593,2023-02-24,4.08
c342bd2b,Tammy Boone,robertbrewer@example.net,993-428-9802x7148,"8695 Timothy Ferry, Lake Kirkchester, KS 91730",Michaelberg,Texas,34830,2024-07-08,2.3
43bfd931,Nathaniel Lee,eugenewalker@example.com,417.783.3321x160,"699 Davis Mountains, East Mark, PR 44560",Thompsontown,Wisconsin,97954,2023-08-05,1.53
3d67cde9,Michael Morrison,dannylambert@example.net,(343)747-1287x1539,"573 Bernard Brook, North Annetteberg, IN 54336",New Jessica,Idaho,14392,2025-01-06,3.98
2812859a,Chelsea Gill,yorksarah@example.net,(568)363-3414x1115,"6811 Higgins Forges, East Nathan, AZ 34115",Bowersstad,Arizona,73027,2022-04-09,1.14
b07aa066,Kristin Mendoza,enewman@example.com,001-552-856-9040,"49731 Mclean Ridge Apt. 149, North Thomas, KY 71420",Lake Nathaniel,Nevada,46065,2021-12-17,0.12
085b15fb,Felicia Krueger,kingjames@example.net,(455)628-9931x60875,"3651 William Forks, Aaronstad, MI 99241",Margaretborough,Missouri,55026,2023-03-10,0.97
48603b32,Timothy Hayden,wlynn@example.org,777.629.4209,"19043 Lynn Fort, Lake Harryborough, ID 17884",East Gary,California,31507,2022-03-29,1.64
1238d630,Zachary Mendoza,craigharvey@example.org,214.497.3746x05233,"739 Anthony Stream, West Courtney, FM 39769",Perezborough,Michigan,02410,2020-09-11,4.32
43b9da13,Larry Harris,todd59@example.net,364.620.8656x7566,"12760 Nicholas Place Apt. 611, East Charles, MT 14714",North Justin,Texas,20080,2020-03-30,4.83
96fc734d,Kristen Rowe,heather29@example.net,438-961-2590x4729,"8889 Mercado Estate, South Roger, RI 58837",Vazquezbury,Kentucky,59100,2023-01-09,1.4
32a447b2,Joseph Howard,lindsey62@example.org,001-874-823-3305x912,"303 Phillips Trail Suite 191, North Jerry, UT 70433",Jeremiahbury,South Carolina,49070,2024-10-24,3.21
398d1ca6,Jose Crawford,john36@example.com,+1-820-515-7201x85962,"USS Castro, FPO AA 85652",Simmonshaven,North Carolina,02168,2022-12-02,2.0
44007d5a,William Harrison,dennis57@example.com,3139674926,"82832 Rebecca Pass, East Amberland, MA 69323",Teresafort,Alaska,06693,2023-11-04,4.91
0f44704f,Suzanne Wood,thoward@example.com,+1-264-975-0111x1783,"5822 Ronald Vista Apt. 231, New Scott, NE 94993",Daviston,Tennessee,00583,2020-12-13,2.68
9854ce4e,Justin Walker,thompsoncatherine@example.com,319-426-7649x215,"572 Haney Junction, North Kathytown, WI 87648",Williamsburgh,Texas,28400,2023-04-21,4.7
ebd34616,Dean Donovan,patriciagonzalez@example.net,(306)488-8718x9813,"52911 Timothy Valley, South Kristenside, SD 49199",Lawsonville,Oklahoma,06520,2022-08-31,0.58
77fc9703,Jennifer Hernandez,lunapatricia@example.net,+1-320-687-5102x932,"255 Chambers Underpass, Karenview, GA 11647",Port Melissa,Michigan,89585,2024-01-06,4.85
670acc5c,James Whitaker,hessbeth@example.net,001-601-918-4582x60340,"987 Henry Trafficway, East Gregoryport, NY 81982",Johnsontown,Connecticut,45709,2022-04-12,0.89
8a3c3b5e,Mr. Michael Scott PhD,rebeccaarnold@example.net,(597)358-5988,"7086 Johnson Rapid Apt. 043, Reedmouth, CO 47879",Martinezfurt,Illinois,94899,2020-11-30,4.81
9918ee46,Maria Henry,jvaldez@example.com,+1-603-403-2432x98395,"266 Joe Drive Suite 835, Donnastad, ME 22814",West Deannaside,Indiana,51668,2023-01-10,1.33
bc0a6a5d,Robert Jackson,xwalker@example.net,001-896-418-4462x6714,"080 Brown Fords Apt. 699, Montgomerytown, WI 82342",New Erica,Washington,89475,2023-06-19,0.54
069f14f1,Katherine Stark,dennis88@example.org,+1-431-843-5989,"10401 King Pines, New Rosetown, KS 82496",Lake Christopher,Connecticut,53361,2023-05-18,2.17
ac9ed156,Maria Brown,acox@example.net,(356)360-9314,"773 Nicholas Track, New Deborah, MO 35602",Wadechester,Iowa,13847,2022-03-21,3.64
964db03f,Ryan Landry,melaniedrake@example.net,+1-886-515-1554x23401,"69428 Russell Estate, East Natashaberg, MN 95167",Amandaview,Tennessee,78118,2025-02-26,1.57
c3c75611,Pamela Gutierrez,katherinetaylor@example.org,(611)328-4971x8594,"14417 Lynn Highway Suite 255, Michelleton, HI 53359",Mendozamouth,Ohio,78677,2024-04-30,3.03
9384ec2b,Crystal Mann,ashleyknight@example.org,8259625889,"8243 Elizabeth Mountains Suite 464, Williamhaven, NY 03449",Molinaberg,Wisconsin,47148,2025-01-06,2.56
2cd94cbb,Jonathan Brooks,ccrosby@example.org,001-624-208-2226,"3888 Maria Harbor, Jessicaberg, NH 80467",East Tina,Arizona,85048,2021-10-06,1.93
7135f221,Mary Jensen,qhall@example.com,001-853-596-7275x7844,"504 Victoria Highway, East Sabrina, IL 47039",Lake Toni,Arizona,27148,2023-03-22,2.88
ff37d19c,Mr. Aaron Arnold,bradclark@example.com,314-665-1113x1290,"516 Lindsay Valley Apt. 119, Foxville, ND 06835",East Samantha,Louisiana,02766,2023-02-18,1.27
d0725b5c,Joseph Hill,dharrison@example.org,+1-370-868-2778,"91373 Richard Islands, North Nicole, PR 05056",Lake Danielport,Oregon,47350,2021-03-02,3.54
785299f4,Alicia Li,hoopermario@example.net,2939068538,"875 Davis Parkway, Maxwellhaven, MH 01599",Wendystad,Ohio,51278,2021-01-16,0.01
5230dfbd,Renee Browning,mary49@example.net,(283)821-5285,"00915 Rodriguez Crossroad, East Haleymouth, NJ 83972",Lake Lisa,Iowa,38876,2023-06-01,4.63
292bd156,Brent Hernandez,nicholasgray@example.net,662.551.5381x4474,"491 Rangel River Apt. 659, Denniston, CA 41294",East Jessica,Virginia,13226,2022-08-26,2.69
7ed70ed7,Joseph Ochoa,blacknicholas@example.org,9962348079,"941 Perez Locks, Coopertown, OR 18758",Richardfurt,Hawaii,73633,2022-04-11,3.6
668409e3,James Watson,wgomez@example.com,(709)275-4510x526,"22399 Charles Mission Suite 556, North Jonathanton, UT 98282",Port Pamela,California,34718,2023-07-11,3.71
0964fbbf,Karl Branch,aeaton@example.net,367-931-8826,"88605 Kimberly Junction Apt. 766, Burchton, NC 91423",Jasonton,Tennessee,74600,2020-07-18,3.35
409d3602,Michael Abbott,scotthall@example.net,8244376545,"0030 Michael Locks, Port Monicatown, MS 20685",Allenfort,Colorado,25612,2021-04-28,1.82
c5c5b37a,Shannon Malone,jason22@example.com,+1-241-777-2256,"3123 Merritt Knolls, Port Russellside, HI 57679",North Melissa,Idaho,57946,2024-07-03,0.35
d32e6dcd,James Tran,guerrerorobert@example.com,001-531-934-0266x502,"768 Christine Pine Suite 401, West Peggy, AL 69682",New Brianfurt,Georgia,71458,2022-03-23,3.32
de8ede0b,Adam Jackson,olsontimothy@example.org,+1-341-267-8725x68621,"Unit 3543 Box 7882, DPO AA 06546",Hillbury,Connecticut,87659,2024-03-12,1.65
0de051a6,Mr. Richard Knight PhD,deborahjenkins@example.org,(225)880-3056,"101 Hayes Square Apt. 908, Victoriashire, VT 08999",South Elizabethbury,Idaho,39061,2024-04-26,1.57
9f64eeed,Joseph Williams,andersonbrittany@example.org,344.671.6392x8234,"207 Aguilar Expressway Suite 999, Wangshire, AS 49766",Kelseyside,California,57123,2021-09-23,4.24
71299889,Sean Clay,macdonalddylan@example.org,001-536-337-1892x392,"997 Pamela Hill Apt. 859, Walshshire, IA 19759",Eddieland,Mississippi,59329,2024-01-26,3.6
445dcc38,Anthony Jones,sandra86@example.net,(560)343-2609,"0849 Stephanie Field, East Marybury, LA 19020",Port Paul,West Virginia,75144,2020-06-03,1.5
49bc473f,Stephanie Elliott,johnsjessica@example.com,9662843356,"9806 Veronica Mountains Apt. 617, Comptontown, SD 58433",Guerrerohaven,Maine,07288,2021-07-13,1.55
7c16128d,Timothy Edwards,robinsoncatherine@example.com,260.241.4545x63502,"8389 Mark Shore, Debrahaven, DC 86649",Elizabethbury,North Carolina,66384,2024-10-25,2.04
a14923c2,Laurie Goodwin,ajackson@example.net,4536474916,"PSC 0405, Box 6129, APO AP 57405",Sandovalfurt,Texas,63396,2023-10-09,2.01
b5b453ca,Jennifer Jones,laurahoover@example.org,755.541.1082x5559,"9582 Guerrero Course, Berrystad, MT 83122",West Jessicafort,Delaware,95005,2023-05-27,1.48
03802b70,David Davenport,gary57@example.net,+1-543-996-1129x1093,"87612 Lindsay Island, Tinaville, KS 25672",West Lucasshire,Virginia,03057,2023-09-02,0.64
3985fb62,Steven Rivera,hallpaul@example.org,418-295-4738,"239 Atkinson Groves Apt. 027, North Adam, PR 67858",Port Grantland,Mississippi,86173,2020-03-22,2.1
1d0bc9bd,Brenda Hinton,harrismichele@example.net,(336)884-8557,"1016 Charles Skyway Apt. 950, North Nicholaston, RI 85473",Christopherview,Ohio,16008,2023-02-07,4.7
a5d04d53,Kathryn Mccann,mserrano@example.org,476-688-0294,"915 Shawn Trail Apt. 839, Mayberg, AR 96180",North Ashleemouth,Georgia,70076,2022-04-21,3.39
eec259dc,Jeffrey Roberson,thomasmendez@example.org,4909367881,"0777 Myers Centers Suite 266, New Derrick, AK 73306",Ronnietown,Nevada,62380,2022-09-10,4.51
b495db4e,Randy Friedman,davisdonna@example.net,001-286-986-6943x20293,"760 Ariana Rapids Apt. 406, Carlosborough, ID 27064",New Jennifershire,Ohio,21734,2021-09-09,3.08
7b85179a,Raymond Johnson,princekimberly@example.net,684.243.4481x23083,"55235 Rodriguez Plains, South Alexburgh, TX 13825",New Manuel,Nebraska,54823,2024-08-13,1.5
74eff545,Willie Henry,xboyd@example.org,+1-724-724-0338x1059,"61363 Anderson Park, Nicholasborough, IL 59154",Howardburgh,Ohio,84746,2020-11-18,2.74
30cbd755,Todd Reynolds,zperez@example.com,284-726-9450,"4902 Williams Way Suite 480, South Joshuaton, IA 59711",South Lindaberg,New York,05077,2023-05-25,0.0
bf0d073d,Mary Miller,zbell@example.net,642.540.8916,"67812 Figueroa Parks Apt. 210, Lake Christopher, NM 77701",West Garyburgh,Montana,04594,2022-05-08,1.43
11df12d7,Rebecca Marquez,colemanjonathan@example.org,435.943.9627x365,"34862 Navarro Overpass, Hallchester, VI 30861",North Cindyfort,Maryland,15311,2022-05-13,2.15
dabac50d,Christian Dawson,campbellnancy@example.com,472-672-2397,"82856 Matthew Ports, Moyertown, NM 92620",East Jessicaland,Alabama,83210,2020-10-07,2.9
c9a7d91f,Nancy Stewart,jacob09@example.net,3428269312,"1770 Valencia Parks Apt. 682, West Kathyfurt, ND 19326",West Charles,Connecticut,98820,2023-09-09,3.27
00a81de9,Aaron Parker,meyernicholas@example.org,876.818.2091,"35521 Shelton Shoals, Alexismouth, ND 59127",New John,Wisconsin,27245,2020-10-31,2.32
d664d264,Derrick Anderson,robert12@example.com,2102023142,"USNV Sullivan, FPO AE 96509",Bullockfurt,Pennsylvania,56564,2020-06-24,2.21
a8f1e091,Jerry Peters,jose86@example.net,485-613-2797,"92596 Fischer Canyon, Joeside, LA 72161",Patelmouth,Delaware,49307,2021-01-27,1.07
7250ee18,Alexander Gomez,cheryl63@example.com,372-830-8481x00184,"05093 Proctor Rapid, Williamport, SD 17538",Johnsonhaven,North Dakota,90669,2024-02-10,2.37
551ac8ea,Kyle Nguyen,jwhite@example.net,(603)503-6625,"988 Deborah Haven Suite 788, Riverston, UT 86331",Lewisburgh,Massachusetts,16606,2022-12-07,4.51
6090d697,Edgar Hughes,tking@example.net,+1-761-372-1314x51951,"38676 Gonzalez Trafficway Apt. 097, Omarland, RI 08821",Henryfort,Kentucky,06740,2021-12-04,3.98
de9e3757,Steven Stein,kim62@example.net,8924268592,"9876 Melody Ports Suite 872, West Zachary, ID 65238",North Lauren,Oklahoma,30768,2023-01-12,0.85
3d225c30,Laura Jackson,adkinssean@example.net,+1-749-445-1475x41022,"Unit 0858 Box 0623, DPO AA 07299",East Samuel,Ohio,36071,2024-09-26,0.42
db23aa8c,Charles Turner,craigromero@example.com,(877)711-9642x1522,"566 Jennings Port, North Emilyburgh, KY 71511",Leonardtown,Arkansas,39249,2022-09-24,2.58
517400f8,Arthur Hamilton MD,martintamara@example.org,976-576-9523x66878,"4428 Murray Lock Apt. 259, Jacobbury, SC 17946",Haleyshire,Missouri,40217,2023-09-01,3.16
e9d68f23,Mr. David Wright,morrowthomas@example.net,(719)968-9313x5030,"3389 Matthew Expressway Suite 152, Jenniferfort, HI 45504",Wongchester,Maryland,33539,2022-06-11,1.68
fd08b32c,Linda Gonzalez,qdavis@example.org,(810)555-2472,"9335 Garcia Wall, New Jenniferstad, MN 03864",Johnborough,Maryland,17740,2020-07-19,4.09
a6eab79e,Eric Rush,christopher06@example.com,730.221.2606,"USCGC Stone, FPO AA 73728",Jamesland,Wisconsin,79334,2023-05-11,3.76
f6febc0e,Manuel Brock,jennifer90@example.org,001-519-317-9202x521,"4430 Kristopher Road Apt. 891, South Carolburgh, AR 26603",Murphyborough,Florida,78528,2021-03-29,3.36
f72169bb,George Ochoa,mgonzales@example.net,9968227284,"340 Mary Fords Suite 415, Shawnmouth, GU 43461",New Emilyshire,Utah,06171,2020-07-02,1.12
19b17e80,Valerie Taylor,james98@example.net,001-257-804-1200x9282,"259 Lisa Mountains, East Laurenmouth, PR 42092",Hunterville,Alabama,52064,2021-10-15,1.0
1986b4b2,Travis Harris,christinacraig@example.com,(478)549-8436x24186,"14105 Stephen Ridges Apt. 987, New Jessicaberg, WV 63155",North Eric,Arizona,63933,2024-12-12,0.12
03edd1f8,Vincent Novak,dianacantrell@example.org,(890)436-2891x7756,"38885 Martin Dam Suite 866, West Michelleshire, NY 54963",West Meganstad,Missouri,36448,2024-11-01,1.22
def57689,Michael Henry,kimberly56@example.com,7562341115,"744 Devon Squares Suite 854, Jessicachester, MN 42093",Aguirreview,Idaho,87698,2020-03-11,2.38
1327f1bc,Dana Bennett,aprilmclaughlin@example.org,642.581.1390,"82491 Lisa Meadow Suite 020, North Ericport, MN 84277",Annamouth,Oregon,45451,2021-05-02,4.25
43d88870,Jenna Wilson,dunnjessica@example.net,+1-930-234-1990,"32155 Jared Islands, Timothyhaven, IL 83524",Timothyton,North Carolina,55805,2024-05-09,0.36
65c17795,Leslie Gardner,michael43@example.net,5517405468,"144 Rosales Pine, Cruzfort, FL 65982",East Robertside,New York,73721,2022-01-01,2.07
541cdfcd,Krista Benton,shawnpowell@example.org,001-965-221-5681x82096,"USNS Henderson, FPO AP 58312",Fosterport,New Hampshire,53043,2020-04-02,3.15
889b78d5,Michael Gonzales,gregory81@example.net,722-971-1332x2889,"620 Michael Passage Apt. 543, New Jefferyburgh, VT 71720",Crawfordport,South Dakota,49551,2022-06-06,0.97
a075e927,Michael Fuentes,gordonmatthew@example.org,(554)359-6063,"231 James Divide, Lake Kevinland, AR 49935",Watkinsport,North Dakota,22106,2021-05-25,3.48
7cea2045,Jennifer Porter,nancy94@example.net,(997)310-2481,"364 Moore Stravenue, Cooperside, GA 62322",South Lisafurt,New Mexico,39938,2024-04-27,2.47
9e11d2cd,Dana Hopkins,kchurch@example.com,452.942.1495x511,"722 Castillo Islands, Juliestad, OH 82779",Ronaldton,Kansas,05562,2023-10-02,1.22
af34cf65,Rachel Jones,katherineali@example.com,874-472-1970x546,"2905 Christine Pass, Reyesside, IA 96125",Michaelaton,Massachusetts,50023,2021-12-15,3.28
3a3c8a71,Karen Morales DDS,bmosley@example.com,258.595.5168x740,"271 Thompson Mount, East Scott, VT 95961",South Johnmouth,North Dakota,19082,2023-10-10,0.03
fa745761,Melissa Stephens,scottpatrick@example.org,001-880-921-4629x613,"52229 Joyce Extension, Lake Ronaldmouth, TN 77201",South James,Massachusetts,17022,2021-04-29,3.75
b4323070,Heather Woodard,laurengutierrez@example.com,+1-815-777-8711x21663,"88232 Valdez Squares Apt. 983, Angelaport, KY 55272",Proctorshire,Wyoming,15814,2024-07-06,3.85
2a96e1e2,Margaret Miller,haynesjose@example.com,955-297-3714,"732 Roberts Brooks Suite 449, Carrville, HI 59067",Jensenmouth,West Virginia,42916,2021-01-20,0.53
0769165f,Mary Kelly,rosskaitlyn@example.com,+1-827-223-5909,"29271 Brian Gateway Suite 871, South Jean, GU 43345",Millershire,Missouri,45615,2022-06-04,2.13
0e5dd462,Amanda Terrell,spencergregory@example.com,(467)330-3064x421,"20125 Daniel Stream, New Jacobton, FM 06329",Derrickfurt,South Dakota,80622,2022-05-22,0.88
6e417d47,Jennifer Goodwin,jeffery94@example.org,861-747-6834x201,"788 Bailey Fords Suite 852, Lake Amanda, AR 98884",West Jamie,Montana,78797,2022-06-26,4.79
697c3923,Jessica Smith,victorgonzalez@example.net,001-242-535-6778x26596,"04436 Lisa Walk, Danielland, MI 21866",Brittneytown,Maine,57673,2024-01-15,2.59
2e183554,Jorge Stone,moniqueclark@example.org,499-925-5027,"USS Johnson, FPO AE 84768",West Michael,Montana,63112,2021-03-03,0.25
9c07a751,Laura Griffin,marykelly@example.org,816-448-0727x91033,"014 Timothy Shoal Apt. 093, New Robertfort, CO 28080",New Evan,West Virginia,18448,2024-09-06,1.25
aee1e86b,Raymond Chapman,moraemma@example.net,+1-663-353-3905x504,"91260 Jessica Crescent Apt. 217, Owensberg, AR 15596",Craigchester,Maryland,41844,2025-02-08,4.24
9549c931,Haley Johnson,waustin@example.net,001-477-966-5586x851,"16612 Bobby River, South Derekmouth, TN 97832",Jimmyland,Wyoming,56268,2022-02-20,2.28
a34db7c5,Jason Nixon,charlesnathan@example.com,(352)389-2866x46491,"PSC 7339, Box 3049, APO AE 57051",Christinahaven,West Virginia,23865,2022-11-17,4.01
aab612c9,Todd Thomas,kvillanueva@example.com,909-261-7981,"027 Frank Cove, Port Kristen, HI 13668",Cherylstad,Delaware,24649,2021-12-24,3.34
771ad655,Jesse Clark,wwhite@example.net,+1-846-833-7861x37157,"682 Heath Ports, Tinaberg, PA 38081",Robertchester,Rhode Island,24198,2020-05-14,4.94
8beddb12,Mr. Jeffrey Horton,raymond92@example.org,5532844446,"355 Franco Circles, Port Sarahshire, PA 45752",West Teresa,Nevada,16869,2025-01-28,2.98
f1faf665,Eric Patrick,imendoza@example.org,(800)502-5895x52963,"13712 Lee Knolls Suite 856, Kathrynberg, IL 04045",Nancyport,Washington,80322,2023-09-08,4.75
4c955f6a,Samuel Wong,phillip27@example.org,+1-860-596-2626x582,"202 Conrad Manors, West Christinafort, IN 73577",West Jenna,Florida,01538,2025-01-27,4.46
b0b862ef,Carly Riggs,astewart@example.org,728-519-6482,"99071 Simmons Ramp, South Jeremyberg, VI 37384",Port Peggyville,Indiana,43988,2020-07-25,3.06
4d57d880,Christopher Moore,nicolasgarcia@example.com,310-860-9209,"5420 Jacqueline Way, Antonioton, DE 02710",Hudsonshire,Maine,31422,2023-09-28,3.6
da743152,Tina Hall,jacob43@example.com,5278523343,"9756 Dean Land Suite 955, Ronaldburgh, IA 33436",Port Catherine,Texas,28741,2024-05-24,2.52
61a11729,Cody Davidson,vmullen@example.com,001-440-641-2091x17911,"47601 Angela Trafficway, Port Kristenville, AZ 27661",Joshuamouth,Idaho,83758,2023-08-09,4.15
4bbe4aff,Allen Mendez,victorclark@example.net,321-917-5361x706,"317 Hill Course Suite 268, New Alexanderville, AS 95759",Jeremyview,Delaware,85372,2022-05-25,2.74
059dd55d,Kevin Price,michael64@example.com,+1-213-366-5722x4029,"29015 Steven Flat Apt. 671, North Steven, IN 44035",Bakerhaven,South Carolina,86996,2020-03-19,4.49
6553867d,Christine Goodwin,ashleykrause@example.net,257-499-8028x41390,"5847 Gonzalez Locks, North Jane, AK 02785",East Jeffrey,Georgia,39153,2025-01-10,3.72
dd750e98,Amy Garcia,lisale@example.org,451.630.5231,"8857 Warner Ranch, Tylerborough, DE 74066",Vincentberg,Virginia,58117,2021-08-29,2.37
f93e08d5,Chelsea Nguyen,mchase@example.org,573-615-8477x686,"396 Lynn Mill, Maryfurt, NE 20019",Cummingsborough,Nevada,04354,2021-08-27,1.3
bec39a37,Dennis Huffman,thomassmith@example.com,(534)961-9942,"327 Antonio Grove, Perryville, ME 43798",Coryburgh,Georgia,34398,2024-06-26,1.24
e726be23,Margaret Harper,otaylor@example.net,(776)394-5919x66395,"10797 Martinez Glen, North Kaitlynview, OR 31427",North Whitneyshire,Idaho,65893,2024-09-30,3.19
3ae909fe,Laurie Bailey,kristen44@example.net,220.384.9649x856,"949 Leslie Shores, West Kristenton, KS 80528",Andersonburgh,California,40779,2022-07-20,3.83
3810ae66,Lisa Cervantes,rosshannah@example.org,(756)425-3135,"497 Logan Pines, Fowlerland, ID 61219",Port Timothyton,Illinois,63468,2024-07-06,2.61
402913ec,Elizabeth Mendez,lisawoods@example.net,001-851-605-0537x95381,"6984 Robert Light, East Javierport, AR 64073",Murphyhaven,Idaho,51461,2024-01-18,3.13
c478f6f1,Cesar Wilson,colematthew@example.com,+1-738-731-8491x966,"32562 Jillian Passage Suite 991, Romanland, VT 35118",Jameschester,Alaska,40291,2022-06-23,1.37
2303f6c6,Clayton Steele,ann45@example.org,330.977.0461,"203 Williams Mount Apt. 116, Port Erictown, SC 87066",Matthewshire,Maryland,71435,2022-11-26,0.39
a0a11839,Jennifer Taylor,rmartinez@example.net,(295)296-3904,"135 Lester Creek, South Sydneyside, NY 82546",Port Kimberly,Vermont,38324,2023-03-02,1.43
c9e26074,Cody Reid,barbarasantos@example.net,342.860.8805x017,"801 Shannon Hollow Apt. 217, Alejandrabury, OK 58219",East Alejandroport,California,90250,2021-02-18,1.36
5d678bb1,Maria Cooke,tiffanymitchell@example.com,001-644-955-6185x7906,"Unit 5708 Box 2004, DPO AP 06638",Ashleyport,Arizona,43188,2022-03-14,1.6
e8dd5e5a,Katherine Taylor,champton@example.org,515.491.0300x2156,"1236 Kevin Lodge Apt. 128, Craigshire, KY 22173",Hickmanberg,Maine,49307,2022-12-24,2.7
6a5e6920,Jerry Brown,daustin@example.net,235-680-0401,"827 Lane Skyway Suite 040, Jeromeville, KS 12092",New Brian,Hawaii,78788,2024-10-03,0.69
c958e75e,Adam Taylor,mirandadavidson@example.com,945-396-4229,"56078 Gregory Haven Apt. 565, Port Sarahshire, AS 86829",East Phyllisstad,South Carolina,29708,2024-01-16,1.16
5da8d6d2,Tracey Wagner,kwelch@example.com,(552)996-7188,"40964 Reyes Gateway Suite 960, Shawnport, FL 08989",East Kimberlyborough,Kentucky,79246,2021-05-03,3.47
45c45a3e,Michael Perry PhD,millermatthew@example.com,+1-374-357-3144x15833,"516 Ernest Knolls, Port Crystal, KY 71623",Cookfurt,Ohio,57789,2024-05-11,3.53
e9ff1cae,Bradley Johnson DDS,denise49@example.net,703.603.7637x1539,"934 Patel Parkway, New Blake, NE 18518",Allisonfurt,Indiana,43264,2021-03-26,0.32
f7a67b94,Donald Medina,cnelson@example.com,001-572-881-2356x798,"Unit 6728 Box 7991, DPO AA 03391",West Brandi,Delaware,22877,2024-01-16,2.04
ded255d0,Jim Newton,lgutierrez@example.org,914.362.4912,"41319 Michael Throughway, Port Morgan, VT 53897",Maynardside,Maine,13134,2022-06-12,2.71
77e490c7,Krista Wilson,jessicastanley@example.net,001-313-307-2407x8754,"6052 Bradley Glens, Angelaville, MO 44075",Arellanoland,Washington,30878,2021-11-08,2.08
c1101266,Reginald Morrow,clarkrandy@example.org,(763)326-8685x074,"54472 Martinez Court, Stewartton, VI 25830",North Jose,New York,70542,2020-05-13,1.03
ad238d36,Rodney Williams,zunigathomas@example.org,6669343629,"96617 Mosley Summit Apt. 824, New Ambertown, VI 53022",Angelaborough,North Carolina,30021,2023-10-18,2.1
65bcc272,Kimberly Fritz,wisealexandria@example.org,361.603.1310x09431,"41746 Kristin Villages, Cindyfurt, SC 49853",Heatherfurt,Oregon,41466,2024-11-19,4.52
8eac0a33,Ronald Potter,bakereric@example.net,596.466.1347,"USCGC Jensen, FPO AP 81425",Walkerland,Wyoming,01301,2024-12-11,2.92
6502d6a2,Zachary Cole,pparker@example.net,954.694.0128,"969 Collins Parkways, Bradleyland, MD 45102",New Andrea,Vermont,64608,2021-03-15,3.48
1fa382e8,Robert Gonzales,scott22@example.net,001-832-751-2257x207,"011 Jennifer Springs Apt. 075, Lake Sarah, FM 91565",East Kennethburgh,Delaware,11227,2021-01-30,4.28
bfbf397b,Patricia Young PhD,anthonyalvarado@example.com,2249120957,"71603 Clark Island, South Theresa, SD 16985",Port Rick,Colorado,18481,2023-06-13,3.83
618ae305,Heather Page,imcdonald@example.com,471.400.9438,"5906 Smith Burg Suite 248, Haroldport, PW 49828",North Michaela,New Mexico,38180,2022-06-27,1.9
5f18e583,Carol Taylor,staylor@example.net,001-211-745-7758x47457,"Unit 4896 Box 6760, DPO AA 57622",West Stephen,South Carolina,44150,2020-06-25,0.03
78b2b549,Daniel Brown,brittanybryant@example.net,758-997-1480x2632,"5657 Morgan Burgs, Pattonport, WI 42304",West Richard,New Hampshire,96007,2021-11-28,1.76
f1738856,Douglas Ryan,omills@example.net,3396653136,"Unit 3890 Box 6235, DPO AA 53511",North Kevinmouth,Georgia,46074,2022-10-11,3.77
9c2e58de,Michael Roberts,regina78@example.org,+1-587-282-4556x9644,"265 Brown Locks, Cassandrastad, IN 07539",Gordonfurt,Wisconsin,29095,2021-12-15,4.27
a2a9d4d8,Scott Duke,ramosmichael@example.com,001-685-391-6795,"21224 Sylvia Union Suite 677, Richardmouth, RI 09326",North Andreamouth,Nebraska,13821,2024-06-20,4.77
b379cb1e,Anna Estes,kevinsmith@example.org,4726728498,"24115 Ferguson Path, Holdertown, WV 70867",New Michelle,Pennsylvania,22288,2024-08-18,2.1
1dde7969,Tamara Riddle,justin80@example.net,641.240.7034x9107,"867 Frey Crossroad Apt. 129, Scotttown, AS 36309",Mullinston,South Carolina,92450,2020-09-25,3.74
0986bbeb,Beth Cline,earroyo@example.com,(550)804-2548x82142,"2612 Samantha Center Apt. 843, Petersonchester, MI 91784",Port Desiree,Rhode Island,78611,2024-06-30,2.73
1dba1267,Michael Poole,cannonlauren@example.net,001-814-830-7536,"078 Beltran Roads Apt. 548, West David, TN 73572",Kimport,South Carolina,07887,2024-05-18,3.02
899ca782,Megan Burns,laurakelley@example.org,444-594-2965,"545 Williams Springs, Scottstad, LA 85987",South Josephton,Louisiana,00936,2021-12-06,1.1
5efa9c5b,Debra Perry,bkhan@example.com,426-883-4414x978,"11232 Mitchell Plain, Flemingland, NV 57961",Jaredmouth,Oregon,97628,2024-11-05,1.1
b24cc64f,Mark Beard,frankmclaughlin@example.com,(912)287-5857x56766,"PSC 6334, Box 2720, APO AE 73257",East Jeremystad,Vermont,33155,2024-03-06,2.18
965befdf,Jose Ramirez,fwalker@example.com,+1-706-412-9439,"75080 Catherine Loaf, Port Bobby, MA 94185",East Fernandoside,North Dakota,52194,2023-12-14,0.15
e2aa7a5d,Jackie Clements,zacharymarsh@example.net,+1-289-340-6260x787,"9358 Joseph Forks, Melanieport, AL 05188",Robertmouth,Connecticut,17242,2023-03-28,1.68
d56ce8ea,Aaron Schroeder,justin84@example.com,7412591497,"167 Wagner Passage, Port Ronaldburgh, KY 33806",South Karen,Tennessee,86800,2024-07-15,3.4
f065c817,Monica Ellis,melissawhite@example.com,498-503-8287,"4608 Lori Lake Apt. 799, South Janet, OH 14545",East James,Hawaii,24727,2022-01-28,2.02
b0b63bcf,Heather Brown,walshchristine@example.com,+1-324-540-7931x10291,"91287 Sawyer Street Suite 999, Mcneilhaven, NY 20817",New Laura,North Carolina,12481,2022-03-05,0.83
71d79665,Claudia Jordan,blopez@example.org,617.808.7601,"5792 Garcia Villages, Beckerview, MS 30981",East Allenmouth,Vermont,09412,2022-01-03,2.34
5cd8fe1a,Derrick Clayton,bookerandrew@example.org,423.584.9791x6202,"986 Thompson Curve, Port Angela, IN 78147",Berryville,Illinois,94496,2023-08-17,0.64
